{"stats":{"minecraft:mined":{"minecraft:dark_oak_planks":51,"betternether:nether_sakura_leaves":5,"minecraft:blue_carpet":1,"minecraft:white_bed":2,"betternether:giant_mold":2,"minecraft:light_blue_concrete":1,"minecraft:black_terracotta":1,"minecraft:obsidian":23,"minecraft:granite":13,"minecraft:red_sand":1,"minecraft:crimson_trapdoor":1,"minecraft:purpur_slab":36,"minecraft:spawner":11,"minecraft:orange_concrete":15,"betternether:moss_cover":3,"minecraft:dark_oak_trapdoor":10,"minecraft:fire":12,"minecraft:barrel":226,"minecraft:fletching_table":3,"minecraft:nether_brick_stairs":2,"minecraft:enchanting_table":2,"betternether:willow_trunk":7,"minecraft:dirt_path":4,"minecraft:oak_stairs":2,"minecraft:green_carpet":1,"minecraft:blue_orchid":1,"minecraft:stripped_mangrove_wood":13,"minecraft:player_head":6,"betternether:ceiling_mushrooms":10,"minecraft:red_bed":5,"minecraft:soul_fire":1,"minecraft:torch":9,"minecraft:blast_furnace":4,"minecraft:cyan_bed":2,"minecraft:bricks":5,"minecraft:crimson_stairs":3,"minecraft:white_terracotta":6,"minecraft:cyan_wool":6,"minecraft:lilac":2,"minecraft:birch_door":1,"minecraft:grass":26,"minecraft:deepslate":76,"minecraft:yellow_terracotta":16,"betternether:bone_grass":1,"minecraft:orange_concrete_powder":1,"minecraft:dark_oak_log":1,"minecraft:cyan_stained_glass":3,"minecraft:nether_bricks":22,"minecraft:dark_oak_fence":2,"minecraft:jungle_planks":25,"minecraft:magenta_concrete":3,"minecraft:yellow_concrete_powder":1,"betternether:hook_mushroom":1,"minecraft:pink_concrete":6,"minecraft:andesite":29,"minecraft:cyan_concrete":7,"minecraft:magenta_concrete_powder":1,"minecraft:white_wool":2,"minecraft:oak_slab":4,"minecraft:birch_stairs":1,"betternether:netherrack_moss":6,"minecraft:mangrove_stairs":3,"minecraft:soul_sand":38,"minecraft:emerald_ore":1,"minecraft:tall_grass":7,"minecraft:copper_ore":2,"minecraft:diorite":38,"minecraft:purple_bed":1,"minecraft:red_terracotta":6,"minecraft:coarse_dirt":3,"minecraft:spruce_log":1830,"minecraft:birch_leaves":2,"minecraft:dark_prismarine_slab":1,"minecraft:red_wall_banner":1,"minecraft:sunflower":7,"minecraft:gravel":31,"minecraft:cobweb":5,"minecraft:brown_terracotta":24,"betternether:swamp_grass":1,"minecraft:acacia_planks":15,"minecraft:polished_blackstone":12,"minecraft:stone_bricks":96,"minecraft:gold_ore":3,"minecraft:spruce_planks":31,"betternether:nether_reed_stem":4,"minecraft:orange_wool":1,"minecraft:grass_block":40,"minecraft:soul_soil":17,"minecraft:composter":6,"betternether:cincinnasite_ore":8,"minecraft:gilded_blackstone":2,"minecraft:iron_ore":71,"minecraft:anvil":1,"minecraft:dark_oak_stairs":21,"betternether:jellyfish_mushroom":2,"minecraft:granite_stairs":1,"minecraft:polished_granite_stairs":4,"minecraft:spruce_slab":2,"minecraft:orange_terracotta":22,"minecraft:light_gray_terracotta":25,"minecraft:calcite":29,"minecraft:chest":221,"betternether:cincinnasite_forged":1,"minecraft:nether_quartz_ore":2,"minecraft:cobblestone":30,"minecraft:oak_planks":14,"betternether:nether_ruby_ore":16,"minecraft:wall_torch":8,"betternether:soul_sandstone":15,"minecraft:dark_oak_slab":7,"betternether:willow_leaves":1,"betternether:mushroom_fir_trunk":1,"minecraft:yellow_wool":4,"betternether:neon_equisetum":2,"minecraft:light_gray_wool":1,"minecraft:smooth_stone_slab":1,"minecraft:oak_log":141,"minecraft:sand":14,"minecraft:dirt":90,"minecraft:crimson_planks":4,"minecraft:tripwire_hook":2,"minecraft:netherrack":406,"minecraft:oak_leaves":17,"minecraft:cyan_candle":3,"minecraft:granite_wall":1,"alexscaves:spelunkery_table":1,"minecraft:red_carpet":2,"minecraft:yellow_wall_banner":1,"minecraft:potted_wither_rose":1,"minecraft:deepslate_diamond_ore":3,"minecraft:ladder":2,"minecraft:brick_stairs":3,"travelersbackpack:white_sleeping_bag":1,"minecraft:birch_slab":2,"minecraft:spruce_leaves":21,"minecraft:spruce_sapling":4,"minecraft:furnace":6,"minecraft:red_concrete_powder":5,"minecraft:bookshelf":56,"minecraft:deepslate_iron_ore":3,"minecraft:stripped_oak_log":1,"minecraft:stone":258,"minecraft:acacia_leaves":6,"minecraft:red_wool":7,"minecraft:spruce_door":2,"minecraft:polished_granite":14,"travelersbackpack:standard":5,"minecraft:oak_fence":2,"minecraft:crafting_table":10,"minecraft:oak_wood":20,"betternether:mushroom_grass":7,"minecraft:rose_bush":6,"minecraft:lectern":224,"minecraft:lapis_ore":3,"minecraft:red_concrete":35,"minecraft:spruce_stairs":17,"minecraft:birch_planks":37,"minecraft:mangrove_planks":1,"minecraft:coal_ore":45,"minecraft:cyan_carpet":26,"minecraft:yellow_concrete":37,"minecraft:terracotta":12,"minecraft:stripped_acacia_wood":1,"minecraft:polished_andesite":31,"minecraft:birch_fence":1},"minecraft:picked_up":{"minecraft:wooden_axe":3,"minecraft:birch_door":1,"minecraft:iron_chestplate":8,"minecraft:flower_pot":1,"minecraft:anvil":1,"minecraft:diamond_sword":5,"minecraft:smithing_table":1,"minecraft:lead":2,"minecraft:oak_stairs":1,"betternether:lumabus_seed":12,"minecraft:wither_rose":1,"minecraft:enchanted_book":11,"betternether:nether_reed_stem":6,"minecraft:music_disc_cat":4,"minecraft:string":142,"minecraft:dark_oak_trapdoor":11,"minecraft:soul_soil":17,"minecraft:beetroot":6,"minecraft:orange_concrete_powder":1,"minecraft:diamond_leggings":2,"minecraft:gold_nugget":3847,"minecraft:cobbled_deepslate":278,"minecraft:spruce_planks":455,"minecraft:netherite_upgrade_smithing_template":3,"minecraft:golden_helmet":5,"minecraft:composter":6,"betternether:bone_mushroom":1,"betternether:cincinnasite":17,"minecraft:cauldron":9,"minecraft:brown_carpet":4,"minecraft:yellow_banner":1,"minecraft:stone_sword":3,"minecraft:iron_block":1,"minecraft:white_terracotta":2,"minecraft:netherite_chestplate":1,"minecraft:blaze_rod":2,"minecraft:snowball":6,"minecraft:cooked_beef":6,"betternether:jungle_moss":13,"minecraft:water_bucket":16,"minecraft:flint":6,"betternether:bowl_upgrade_smithing_template":2,"minecraft:stonecutter":1,"minecraft:dark_oak_sign":1,"minecraft:diamond_helmet":5,"minecraft:glowstone_dust":3,"minecraft:fermented_spider_eye":43,"minecraft:red_terracotta":4,"minecraft:barrel":264,"minecraft:polished_andesite":51,"minecraft:writable_book":1,"minecraft:granite":17,"minecraft:golden_horse_armor":6,"minecraft:bread":265,"minecraft:dark_oak_fence":1,"minecraft:bricks":1,"minecraft:diamond_pickaxe":8,"minecraft:crafting_table":18,"minecraft:coarse_dirt":3,"minecraft:clay_ball":3,"minecraft:red_bed":6,"minecraft:flint_and_steel":1,"minecraft:netherite_scrap":8,"minecraft:iron_shovel":2,"minecraft:beef":26,"minecraft:iron_nugget":5572,"minecraft:spruce_slab":2,"betternether:giant_mold_sapling":3,"betternether:netherrack_stalactite":1,"minecraft:chest":231,"minecraft:birch_sapling":4,"minecraft:egg":2,"betternether:soul_sandstone":8,"minecraft:fire_charge":38,"minecraft:cake":6,"betternether:nether_ruby":19,"minecraft:carrot":26,"minecraft:redstone":8,"minecraft:netherite_pickaxe":1,"minecraft:polished_granite_stairs":3,"minecraft:diamond_chestplate":3,"minecraft:beetroot_seeds":7,"minecraft:diamond_boots":4,"minecraft:hay_block":9,"minecraft:purpur_slab":11,"minecraft:yellow_terracotta":3,"minecraft:gold_ingot":1071,"minecraft:totem_of_undying":5,"minecraft:polished_blackstone":11,"minecraft:mutton":7,"minecraft:white_wool":7,"minecraft:bone_block":3,"minecraft:rail":1,"minecraft:stripped_oak_log":1,"minecraft:mud_bricks":2,"minecraft:tripwire_hook":23,"minecraft:red_mushroom":4,"minecraft:filled_map":6,"minecraft:oak_log":210,"minecraft:golden_boots":2,"minecraft:paper":70,"minecraft:white_banner":9,"minecraft:apple":22,"minecraft:stone_bricks":139,"minecraft:kelp":8,"betternether:jellyfish_mushroom_sapling":3,"minecraft:stone_pickaxe":3,"minecraft:cobweb":39,"minecraft:glass_bottle":59,"minecraft:mangrove_planks":1,"betternether:willow_torch":42,"minecraft:iron_sword":11,"minecraft:dark_oak_stairs":11,"minecraft:dark_oak_slab":9,"betternether:black_bush":1,"minecraft:sweet_berries":79,"minecraft:yellow_concrete":12,"minecraft:red_wool":3,"minecraft:gravel":41,"minecraft:spruce_sapling":190,"minecraft:spruce_log":1835,"minecraft:crying_obsidian":3,"betternether:cincinnasite_forged":1,"minecraft:oak_wood":20,"travelersbackpack:standard":10,"minecraft:slime_ball":11,"minecraft:stone_axe":5,"minecraft:diamond_axe":2,"minecraft:painting":1,"alexscaves:cave_map":1,"minecraft:melon_seeds":8,"minecraft:ender_pearl":3,"minecraft:wheat":68,"minecraft:nether_brick_fence":1,"alexscaves:cave_tablet":16,"minecraft:potion":29,"minecraft:gilded_blackstone":19,"minecraft:raw_copper":16,"betternether:blue_obsidian":21,"minecraft:smooth_stone_slab":1,"minecraft:iron_leggings":16,"minecraft:armor_stand":1,"minecraft:bucket":4,"minecraft:rose_bush":16,"minecraft:redstone_torch":1,"minecraft:calcite":47,"minecraft:iron_pickaxe":5,"minecraft:smooth_quartz_stairs":2,"minecraft:iron_boots":12,"minecraft:furnace":15,"minecraft:stick":290,"minecraft:oak_fence":3,"minecraft:torch":267,"minecraft:spruce_stairs":8,"minecraft:porkchop":15,"minecraft:diorite":26,"minecraft:cactus":105,"minecraft:mangrove_stairs":3,"minecraft:rotten_flesh":147,"betternether:mushroom_fir_sapling":2,"betternether:feather_fern":3,"minecraft:obsidian":39,"minecraft:cobblestone":659,"minecraft:enchanting_table":2,"minecraft:leather_chestplate":2,"betternether:glowstone_pile":15,"minecraft:magma_cream":11,"minecraft:repeater":21,"minecraft:warped_fungus_on_a_stick":6,"minecraft:andesite":36,"minecraft:golden_leggings":4,"minecraft:potato":13,"minecraft:lapis_lazuli":79,"minecraft:dirt":127,"minecraft:polished_granite":11,"minecraft:name_tag":2,"minecraft:leather_boots":1,"minecraft:bone":302,"minecraft:granite_wall":1,"minecraft:bow":5,"minecraft:wheat_seeds":13,"minecraft:raw_gold":16,"minecraft:cyan_candle":7,"minecraft:fletching_table":3,"minecraft:bamboo":13,"minecraft:powered_rail":1,"minecraft:oak_planks":14,"minecraft:black_terracotta":2,"minecraft:cooked_porkchop":6,"minecraft:music_disc_13":2,"minecraft:sand":60,"minecraft:nether_brick_stairs":2,"minecraft:dead_bush":55,"minecraft:cyan_bed":2,"minecraft:spectral_arrow":24,"minecraft:dark_prismarine":1,"minecraft:dark_prismarine_slab":1,"minecraft:light_gray_terracotta":6,"minecraft:diamond":82,"minecraft:spruce_boat":2,"minecraft:crossbow":4,"minecraft:golden_apple":6,"minecraft:spruce_sign":8,"minecraft:emerald":123,"minecraft:oak_sapling":76,"minecraft:piglin_banner_pattern":1,"minecraft:netherrack":380,"minecraft:charcoal":15,"minecraft:ladder":4,"minecraft:wooden_pickaxe":1,"minecraft:gold_block":2,"minecraft:chain":14,"minecraft:shield":9,"alexscaves:cave_codex":2,"minecraft:oak_trapdoor":22,"minecraft:iron_axe":5,"minecraft:orange_concrete":6,"minecraft:birch_fence":1,"minecraft:cyan_carpet":56,"minecraft:blackstone":2,"minecraft:blue_orchid":72,"minecraft:player_head":7,"minecraft:light_gray_wool":4,"minecraft:lectern":227,"minecraft:phantom_membrane":1,"minecraft:raw_iron":293,"minecraft:stripped_mangrove_wood":13,"betternether:wall_mushroom_red":2,"minecraft:copper_ingot":4,"betternether:willow_log":7,"minecraft:cookie":3,"betternether:mushroom_fir_stem":5,"minecraft:iron_horse_armor":4,"minecraft:dark_oak_planks":14,"minecraft:arrow":210,"minecraft:pumpkin_pie":15,"minecraft:nether_bricks":18,"alexscaves:spelunkery_table":1,"minecraft:saddle":1,"minecraft:glistering_melon_slice":12,"minecraft:netherite_boots":3,"minecraft:basalt":12,"minecraft:glow_ink_sac":6,"minecraft:leather":25,"minecraft:birch_planks":12,"minecraft:mushroom_stew":4,"minecraft:granite_stairs":1,"minecraft:gunpowder":108,"minecraft:orange_terracotta":11,"minecraft:gray_carpet":8,"minecraft:iron_ingot":1792,"minecraft:cooked_chicken":13,"minecraft:soul_sand":39,"minecraft:green_dye":3,"minecraft:book":198,"minecraft:oak_slab":7,"minecraft:emerald_block":2,"minecraft:pumpkin":43,"minecraft:quartz":41,"minecraft:dandelion":2,"minecraft:lava_bucket":1,"minecraft:amethyst_shard":6,"minecraft:red_banner":1,"minecraft:blast_furnace":4,"minecraft:white_bed":3,"minecraft:gold_ore":95,"minecraft:spruce_door":2,"minecraft:spider_eye":16,"betternether:nether_mushroom_stem":3,"minecraft:iron_helmet":14,"betternether:willow_sapling":1,"minecraft:terracotta":11,"minecraft:red_concrete":4,"minecraft:coal":117,"minecraft:sunflower":1},"minecraft:broken":{"minecraft:iron_boots":5,"minecraft:iron_chestplate":5,"minecraft:iron_leggings":3,"minecraft:shield":1,"minecraft:iron_axe":1,"minecraft:iron_helmet":6,"minecraft:golden_helmet":1,"minecraft:golden_shovel":1,"minecraft:golden_leggings":1,"minecraft:stone_axe":6},"minecraft:killed":{"minecraft:cave_spider":1,"betternether:firefly":1,"minecraft:mule":1,"minecraft:skeleton":210,"minecraft:magma_cube":3,"minecraft:pillager":160,"minecraft:zombie":22,"minecraft:cow":7,"minecraft:evoker":4,"minecraft:vindicator":23,"minecraft:horse":5,"minecraft:witch":2,"minecraft:spider":6,"minecraft:piglin_brute":4,"betternether:hydrogen_jellyfish":2,"minecraft:piglin":9,"minecraft:pig":8,"minecraft:creeper":4,"minecraft:sheep":6,"minecraft:blaze":3,"minecraft:vex":1,"alexscaves:nucleeper":1,"betternether:naga":1,"minecraft:bat":1,"minecraft:wither_skeleton":1},"minecraft:used":{"minecraft:writable_book":1,"minecraft:polished_granite_stairs":1,"minecraft:polished_blackstone":11,"minecraft:spruce_slab":7,"minecraft:ladder":10,"minecraft:chest":4,"minecraft:rotten_flesh":8,"minecraft:soul_sand":1,"minecraft:snowball":3,"minecraft:lava_bucket":40,"minecraft:mangrove_stairs":11,"minecraft:dark_oak_slab":9,"minecraft:bow":58,"minecraft:furnace":10,"minecraft:egg":1,"minecraft:diorite":5,"minecraft:warped_fungus_on_a_stick":175,"minecraft:powered_rail":2,"minecraft:leather_chestplate":1,"minecraft:wooden_pickaxe":49,"minecraft:composter":8,"minecraft:dark_oak_trapdoor":3,"minecraft:sand":6,"minecraft:blast_furnace":2,"betternether:nether_reed_stem":4,"betternether:willow_sapling":1,"minecraft:cyan_carpet":2,"minecraft:lectern":224,"minecraft:red_terracotta":1,"minecraft:polished_granite":10,"minecraft:diamond_sword":316,"minecraft:fire_charge":2,"minecraft:smithing_table":3,"minecraft:oak_boat":1,"minecraft:oak_trapdoor":6,"minecraft:enchanting_table":4,"minecraft:stone_sword":68,"minecraft:armor_stand":1,"minecraft:netherrack":100,"minecraft:torch":436,"minecraft:anvil":6,"minecraft:golden_shovel":32,"minecraft:iron_axe":635,"minecraft:barrel":1,"minecraft:tripwire_hook":1,"minecraft:beef":1,"minecraft:cobbled_deepslate":5,"minecraft:calcite":11,"minecraft:water_bucket":77,"minecraft:fletching_table":5,"minecraft:leather_boots":1,"minecraft:gold_ore":23,"minecraft:gilded_blackstone":12,"betternether:blue_obsidian":20,"minecraft:oak_slab":1,"minecraft:crafting_table":12,"minecraft:red_bed":7,"minecraft:white_bed":3,"minecraft:spruce_log":2,"minecraft:cake":1,"minecraft:diamond_pickaxe":1256,"minecraft:diamond_shovel":35,"minecraft:iron_pickaxe":156,"minecraft:spruce_sapling":133,"travelersbackpack:standard":124,"minecraft:cobblestone":62,"minecraft:potion":1,"minecraft:cooked_porkchop":8,"minecraft:diamond_leggings":1,"minecraft:shield":28,"minecraft:iron_sword":115,"minecraft:stripped_jungle_wood":2,"minecraft:player_head":6,"minecraft:iron_chestplate":1,"minecraft:nether_bricks":5,"minecraft:obsidian":17,"minecraft:iron_helmet":1,"minecraft:stone_bricks":6,"minecraft:dark_oak_stairs":9,"minecraft:stone_pickaxe":178,"minecraft:dark_oak_sign":1,"minecraft:mangrove_planks":2,"minecraft:oak_planks":6,"minecraft:ender_pearl":1,"minecraft:diamond_axe":1980,"minecraft:mushroom_stew":2,"minecraft:shears":3,"minecraft:redstone_torch":1,"minecraft:bread":93,"minecraft:cyan_bed":2,"minecraft:string":1,"minecraft:gravel":15,"minecraft:golden_helmet":1,"minecraft:grindstone":1,"minecraft:andesite":1,"minecraft:smooth_stone_slab":1,"minecraft:chain":4,"minecraft:coarse_dirt":3,"minecraft:bone_meal":85,"minecraft:granite_stairs":1,"minecraft:flint_and_steel":4,"minecraft:spruce_planks":8,"minecraft:cooked_chicken":11,"minecraft:dirt":33,"minecraft:granite":11,"minecraft:dark_oak_planks":8,"minecraft:wooden_axe":35,"minecraft:bookshelf":33,"minecraft:iron_boots":1,"betterend:golden_hammer":6,"alexscaves:spelunkery_table":1,"minecraft:light_gray_wool":4,"minecraft:cooked_beef":10,"minecraft:iron_leggings":2,"minecraft:brown_bed":1,"minecraft:cooked_mutton":7,"minecraft:cyan_candle":1,"minecraft:polished_andesite":19,"minecraft:spruce_sign":2,"minecraft:stonecutter":1,"minecraft:apple":18,"minecraft:stone_axe":783,"minecraft:white_banner":1,"betternether:nether_ruby_pickaxe":18,"minecraft:bucket":134,"minecraft:pumpkin_pie":7},"minecraft:dropped":{"minecraft:iron_sword":7,"betternether:wall_mushroom_red":2,"minecraft:lapis_lazuli":4,"minecraft:glow_ink_sac":6,"minecraft:glass_bottle":2,"minecraft:crafting_table":1,"minecraft:crossbow":1,"minecraft:cookie":1,"minecraft:rail":1,"minecraft:red_mushroom":4,"betternether:black_bush":1,"betternether:nether_reed_stem":2,"minecraft:dirt":10,"minecraft:birch_fence":1,"minecraft:dark_oak_fence":1,"minecraft:dark_oak_trapdoor":1,"minecraft:netherite_boots":3,"minecraft:chain":10,"minecraft:gold_nugget":86,"minecraft:writable_book":1,"minecraft:phantom_membrane":1,"minecraft:sand":31,"minecraft:dark_oak_planks":2,"minecraft:fermented_spider_eye":10,"minecraft:white_wool":1,"minecraft:cyan_carpet":33,"minecraft:bone":173,"minecraft:iron_nugget":12,"alexscaves:cave_tablet":15,"minecraft:birch_sapling":4,"minecraft:wheat":49,"minecraft:obsidian":21,"minecraft:rotten_flesh":95,"minecraft:oak_planks":14,"minecraft:nether_brick_fence":1,"minecraft:beef":4,"minecraft:granite_wall":1,"minecraft:iron_ingot":9,"minecraft:netherite_pickaxe":1,"minecraft:wheat_seeds":5,"minecraft:golden_horse_armor":6,"minecraft:netherite_chestplate":1,"minecraft:book":36,"minecraft:yellow_terracotta":3,"minecraft:oak_fence":2,"minecraft:purpur_slab":11,"minecraft:iron_helmet":4,"minecraft:cobblestone":68,"minecraft:apple":3,"minecraft:granite":1,"minecraft:coal":3,"minecraft:golden_apple":1,"minecraft:polished_andesite":12,"minecraft:lava_bucket":2,"minecraft:cobweb":35,"minecraft:wooden_axe":1,"minecraft:rose_bush":11,"minecraft:potion":2,"minecraft:dead_bush":42,"minecraft:oak_stairs":1,"minecraft:orange_concrete_powder":1,"minecraft:white_banner":1,"minecraft:paper":41,"minecraft:string":120,"minecraft:gray_carpet":7,"minecraft:spruce_sapling":1,"minecraft:bricks":1,"minecraft:soul_soil":17,"minecraft:player_head":1,"minecraft:bowl":2,"minecraft:orange_concrete":6,"minecraft:clay_ball":3,"minecraft:iron_boots":4,"minecraft:white_terracotta":2,"minecraft:nether_bricks":7,"minecraft:shears":1,"minecraft:diamond_sword":2,"minecraft:polished_granite_stairs":2,"minecraft:diamond_pickaxe":2,"minecraft:spider_eye":9,"minecraft:stone_bricks":93,"minecraft:barrel":232,"minecraft:bamboo":13,"minecraft:blue_orchid":60,"minecraft:dark_prismarine":1,"minecraft:terracotta":11,"minecraft:nether_brick_stairs":2,"minecraft:gold_ore":55,"minecraft:spruce_sign":2,"minecraft:soul_sand":38,"minecraft:birch_planks":10,"minecraft:dark_oak_stairs":1,"minecraft:ender_pearl":2,"minecraft:red_wool":3,"minecraft:iron_horse_armor":4,"travelersbackpack:standard":2,"betternether:nether_mushroom_stem":3,"alexscaves:cave_map":1,"minecraft:gilded_blackstone":6,"minecraft:glistering_melon_slice":7,"betternether:soul_sandstone":8,"minecraft:gold_ingot":50,"minecraft:gravel":22,"minecraft:blackstone":2,"minecraft:black_terracotta":2,"betternether:netherrack_stalactite":1,"minecraft:carrot":1,"minecraft:leather_chestplate":1,"minecraft:gunpowder":3,"betternether:glowstone_pile":15,"minecraft:beetroot_seeds":7,"minecraft:chest":191,"minecraft:basalt":12,"minecraft:arrow":33,"betternether:mushroom_fir_sapling":2,"minecraft:quartz":41,"minecraft:polished_granite":1,"minecraft:netherrack":65,"minecraft:water_bucket":3,"minecraft:bread":187,"betternether:blue_obsidian":11,"minecraft:golden_helmet":1,"minecraft:yellow_concrete":12,"alexscaves:spelunkery_table":1,"betternether:willow_torch":21,"minecraft:copper_ingot":4,"betternether:bone_mushroom":1,"minecraft:stick":65,"minecraft:iron_block":1,"minecraft:diorite":6,"minecraft:torch":19,"minecraft:green_dye":3,"minecraft:iron_leggings":7,"minecraft:cactus":42,"minecraft:tripwire_hook":2,"minecraft:bucket":1,"minecraft:music_disc_cat":2,"minecraft:redstone":8,"minecraft:red_concrete":4,"minecraft:kelp":4,"minecraft:sweet_berries":64,"minecraft:blaze_rod":1,"minecraft:raw_copper":16,"minecraft:light_gray_terracotta":6,"minecraft:stripped_oak_log":1,"minecraft:red_terracotta":3,"minecraft:filled_map":1,"minecraft:shield":1,"minecraft:orange_terracotta":11,"minecraft:iron_chestplate":1,"minecraft:andesite":20,"minecraft:cake":1,"minecraft:golden_leggings":2,"minecraft:oak_sapling":2,"betternether:lumabus_seed":12,"minecraft:slime_ball":10,"minecraft:stone_pickaxe":1,"minecraft:wooden_pickaxe":1,"minecraft:magma_cream":11,"minecraft:calcite":20},"minecraft:crafted":{"betternether:nether_ruby_pickaxe":1,"minecraft:bookshelf":34,"minecraft:cooked_mutton":7,"minecraft:glass":12,"minecraft:diamond_leggings":2,"minecraft:mangrove_stairs":20,"minecraft:emerald":194,"minecraft:cooked_porkchop":3,"travelersbackpack:standard":2,"minecraft:fletching_table":1,"minecraft:lectern":1,"betterend:golden_hammer":1,"minecraft:iron_pickaxe":1,"minecraft:iron_block":237,"minecraft:gold_ingot":435,"minecraft:netherite_ingot":2,"minecraft:composter":2,"betterend:leather_wrapped_stick":1,"minecraft:iron_nugget":45,"minecraft:bone_meal":120,"betternether:nether_ruby_leggings":1,"minecraft:diamond":54,"travelersbackpack:white_sleeping_bag":1,"minecraft:ladder":6,"minecraft:spruce_slab":24,"minecraft:stone_pickaxe":2,"minecraft:crossbow":2,"minecraft:enchanting_table":1,"minecraft:enchanted_book":1,"minecraft:golden_apple":1,"minecraft:wooden_axe":1,"minecraft:iron_leggings":1,"minecraft:white_bed":1,"minecraft:oak_planks":548,"minecraft:iron_boots":2,"betternether:cincinnasite_ingot":21,"minecraft:chest":2,"minecraft:netherite_upgrade_smithing_template":14,"minecraft:crafting_table":5,"minecraft:spruce_planks":3024,"minecraft:wooden_pickaxe":2,"minecraft:iron_helmet":1,"minecraft:gold_block":141,"betterend:leather_stripe":3,"minecraft:iron_chestplate":1,"minecraft:charcoal":32,"minecraft:diamond_pickaxe":2,"minecraft:shield":3,"minecraft:stick":6517,"minecraft:iron_ingot":667,"minecraft:stone_sword":1,"betternether:nether_ruby_chestplate":1,"minecraft:shears":2,"minecraft:furnace":4,"alexscaves:cave_map":1,"minecraft:flint_and_steel":1,"minecraft:netherite_chestplate":1,"betternether:willow_planks":28,"minecraft:netherite_leggings":1,"minecraft:iron_axe":2,"minecraft:netherite_scrap":1,"minecraft:cooked_beef":8,"minecraft:diamond_sword":1,"travelersbackpack:backpack_tank":2,"minecraft:iron_sword":1,"minecraft:golden_shovel":1,"minecraft:mangrove_planks":32,"minecraft:stone_axe":6,"minecraft:air":0,"minecraft:bread":389,"minecraft:oak_boat":1,"minecraft:gold_nugget":36,"minecraft:torch":240,"minecraft:lapis_lazuli":270,"minecraft:diamond_chestplate":1},"minecraft:custom":{"minecraft:interact_with_crafting_table":117,"minecraft:open_barrel":134,"minecraft:eat_cake_slice":9,"minecraft:leave_game":76,"minecraft:time_since_death":159877,"minecraft:damage_blocked_by_shield":2182,"minecraft:play_time":910365,"minecraft:deaths":26,"minecraft:jump":8555,"minecraft:enchant_item":55,"minecraft:interact_with_furnace":67,"minecraft:traded_with_villager":250,"minecraft:sleep_in_bed":25,"minecraft:damage_dealt":120325,"minecraft:interact_with_smoker":1,"minecraft:use_cauldron":1,"minecraft:inspect_dispenser":6,"minecraft:interact_with_smithing_table":12,"minecraft:interact_with_anvil":50,"minecraft:sneak_time":19783,"minecraft:interact_with_blast_furnace":7,"minecraft:total_world_time":910365,"minecraft:tune_noteblock":4,"minecraft:time_since_rest":18794,"minecraft:swim_one_cm":200150,"minecraft:fly_one_cm":2401621,"minecraft:open_chest":348,"minecraft:fall_one_cm":272073,"minecraft:damage_resisted":1590354,"minecraft:sprint_one_cm":2703878,"minecraft:drop":415,"minecraft:talked_to_villager":567,"minecraft:interact_with_brewingstand":2,"minecraft:walk_on_water_one_cm":265842,"minecraft:interact_with_loom":8,"minecraft:crouch_one_cm":55759,"minecraft:mob_kills":499,"minecraft:climb_one_cm":72069,"minecraft:walk_one_cm":1553660,"minecraft:raid_win":1,"minecraft:walk_under_water_one_cm":57765,"minecraft:boat_one_cm":74674,"minecraft:raid_trigger":2,"minecraft:interact_with_grindstone":22,"minecraft:damage_taken":12726},"minecraft:killed_by":{"minecraft:pillager":3,"minecraft:zombie":10,"minecraft:stray":1,"minecraft:wither_skeleton":1,"minecraft:creeper":1,"minecraft:player":1,"minecraft:spider":1,"minecraft:skeleton":4}},"DataVersion":3465}