{"stats":{"minecraft:crafted":{"minecraft:oak_planks":548,"minecraft:bookshelf":17,"minecraft:cooked_mutton":7,"minecraft:glass":12,"minecraft:iron_boots":2,"betternether:cincinnasite_ingot":21,"minecraft:chest":2,"minecraft:emerald":108,"minecraft:cooked_porkchop":3,"minecraft:crafting_table":5,"minecraft:spruce_planks":1524,"minecraft:iron_helmet":1,"minecraft:wooden_pickaxe":2,"travelersbackpack:standard":2,"minecraft:fletching_table":1,"minecraft:gold_block":141,"betterend:leather_stripe":3,"minecraft:iron_chestplate":1,"minecraft:diamond_pickaxe":2,"minecraft:charcoal":32,"minecraft:shield":3,"minecraft:stick":3673,"minecraft:iron_ingot":667,"betterend:golden_hammer":1,"minecraft:iron_pickaxe":1,"minecraft:iron_block":237,"minecraft:stone_sword":1,"minecraft:gold_ingot":435,"minecraft:composter":1,"minecraft:shears":2,"betterend:leather_wrapped_stick":1,"minecraft:iron_nugget":45,"minecraft:furnace":4,"minecraft:bone_meal":72,"alexscaves:cave_map":1,"minecraft:flint_and_steel":1,"betternether:willow_planks":28,"travelersbackpack:white_sleeping_bag":1,"minecraft:iron_axe":1,"minecraft:ladder":6,"minecraft:spruce_slab":12,"minecraft:stone_pickaxe":2,"minecraft:cooked_beef":8,"minecraft:diamond_sword":1,"travelersbackpack:backpack_tank":2,"minecraft:iron_sword":1,"minecraft:golden_shovel":1,"minecraft:stone_axe":6,"minecraft:air":0,"minecraft:bread":197,"minecraft:oak_boat":1,"minecraft:golden_apple":1,"minecraft:gold_nugget":36,"minecraft:wooden_axe":1,"minecraft:iron_leggings":1,"minecraft:white_bed":1,"minecraft:torch":240,"minecraft:lapis_lazuli":153},"minecraft:killed":{"minecraft:cave_spider":1,"minecraft:spider":4,"betternether:firefly":1,"minecraft:mule":1,"minecraft:skeleton":210,"minecraft:piglin_brute":4,"minecraft:magma_cube":3,"betternether:hydrogen_jellyfish":2,"minecraft:piglin":9,"minecraft:pig":8,"minecraft:creeper":4,"minecraft:sheep":6,"minecraft:pillager":137,"minecraft:zombie":21,"minecraft:blaze":2,"minecraft:cow":7,"alexscaves:nucleeper":1,"minecraft:horse":5,"betternether:naga":1,"minecraft:bat":1,"minecraft:wither_skeleton":1},"minecraft:dropped":{"minecraft:iron_sword":5,"betternether:wall_mushroom_red":2,"minecraft:soul_sand":38,"minecraft:birch_planks":10,"minecraft:dark_oak_stairs":1,"minecraft:glow_ink_sac":6,"minecraft:lapis_lazuli":4,"minecraft:ender_pearl":2,"minecraft:crafting_table":1,"minecraft:iron_horse_armor":2,"minecraft:red_wool":3,"travelersbackpack:standard":1,"minecraft:rail":1,"minecraft:red_mushroom":4,"betternether:nether_reed_stem":2,"betternether:black_bush":1,"minecraft:dirt":10,"minecraft:birch_fence":1,"betternether:nether_mushroom_stem":3,"minecraft:dark_oak_fence":1,"minecraft:netherite_boots":3,"alexscaves:cave_map":1,"minecraft:gold_nugget":38,"minecraft:writable_book":1,"minecraft:phantom_membrane":1,"minecraft:sand":31,"minecraft:glistering_melon_slice":7,"minecraft:dark_oak_planks":2,"minecraft:fermented_spider_eye":10,"betternether:soul_sandstone":8,"minecraft:white_wool":1,"minecraft:gold_ingot":44,"minecraft:bone":147,"minecraft:gravel":22,"minecraft:blackstone":1,"minecraft:iron_nugget":12,"alexscaves:cave_tablet":15,"minecraft:wheat":42,"minecraft:birch_sapling":4,"minecraft:obsidian":4,"minecraft:rotten_flesh":88,"minecraft:oak_planks":14,"minecraft:nether_brick_fence":1,"betternether:netherrack_stalactite":1,"minecraft:carrot":1,"minecraft:leather_chestplate":1,"minecraft:gunpowder":3,"betternether:glowstone_pile":15,"minecraft:basalt":8,"minecraft:arrow":2,"minecraft:beef":4,"betternether:mushroom_fir_sapling":2,"minecraft:quartz":4,"minecraft:netherrack":64,"minecraft:water_bucket":3,"minecraft:bread":29,"minecraft:netherite_pickaxe":1,"minecraft:wheat_seeds":3,"minecraft:golden_helmet":1,"minecraft:golden_horse_armor":5,"minecraft:yellow_concrete":12,"minecraft:netherite_chestplate":1,"minecraft:yellow_terracotta":3,"minecraft:iron_helmet":4,"minecraft:oak_fence":2,"minecraft:purpur_slab":11,"minecraft:cobblestone":68,"minecraft:book":36,"alexscaves:spelunkery_table":1,"minecraft:apple":3,"betternether:willow_torch":21,"minecraft:copper_ingot":3,"betternether:bone_mushroom":1,"minecraft:golden_apple":1,"minecraft:polished_andesite":10,"minecraft:stick":65,"minecraft:lava_bucket":1,"minecraft:cobweb":35,"minecraft:diorite":4,"minecraft:torch":19,"minecraft:green_dye":3,"minecraft:wooden_axe":1,"minecraft:rose_bush":11,"minecraft:potion":2,"minecraft:dead_bush":42,"minecraft:iron_leggings":7,"minecraft:oak_stairs":1,"minecraft:orange_concrete_powder":1,"minecraft:cactus":42,"minecraft:paper":32,"minecraft:string":103,"minecraft:tripwire_hook":2,"minecraft:bucket":1,"minecraft:music_disc_cat":2,"minecraft:gray_carpet":7,"minecraft:redstone":8,"minecraft:spruce_sapling":1,"minecraft:red_concrete":4,"minecraft:bricks":1,"minecraft:kelp":4,"minecraft:sweet_berries":64,"minecraft:soul_soil":17,"minecraft:player_head":1,"minecraft:raw_copper":16,"minecraft:light_gray_terracotta":6,"minecraft:bowl":2,"minecraft:orange_concrete":6,"minecraft:clay_ball":3,"minecraft:iron_boots":4,"minecraft:stripped_oak_log":1,"minecraft:white_terracotta":2,"minecraft:shears":1,"minecraft:red_terracotta":3,"minecraft:filled_map":1,"minecraft:diamond_sword":1,"minecraft:shield":1,"minecraft:golden_leggings":2,"minecraft:orange_terracotta":11,"minecraft:iron_chestplate":1,"minecraft:diamond_pickaxe":2,"minecraft:andesite":15,"minecraft:cake":1,"minecraft:oak_sapling":2,"betternether:lumabus_seed":12,"minecraft:stone_bricks":48,"minecraft:spider_eye":9,"minecraft:barrel":13,"minecraft:bamboo":13,"minecraft:slime_ball":10,"minecraft:blue_orchid":60,"minecraft:stone_pickaxe":1,"minecraft:wooden_pickaxe":1,"minecraft:calcite":16,"minecraft:terracotta":11},"minecraft:broken":{"minecraft:golden_helmet":1,"minecraft:iron_boots":5,"minecraft:iron_chestplate":5,"minecraft:golden_shovel":1,"minecraft:iron_leggings":3,"minecraft:golden_leggings":1,"minecraft:stone_axe":6,"minecraft:shield":1,"minecraft:iron_axe":1,"minecraft:iron_helmet":6},"minecraft:used":{"minecraft:writable_book":1,"minecraft:ladder":10,"minecraft:chest":4,"minecraft:shield":27,"minecraft:iron_sword":115,"minecraft:stripped_jungle_wood":2,"minecraft:player_head":6,"minecraft:rotten_flesh":5,"minecraft:iron_chestplate":1,"minecraft:soul_sand":1,"minecraft:snowball":3,"minecraft:obsidian":12,"minecraft:lava_bucket":23,"minecraft:iron_helmet":1,"minecraft:dark_oak_slab":5,"minecraft:bow":57,"minecraft:furnace":10,"minecraft:egg":1,"minecraft:dark_oak_stairs":1,"minecraft:diorite":5,"minecraft:warped_fungus_on_a_stick":96,"minecraft:stone_pickaxe":178,"minecraft:powered_rail":2,"minecraft:oak_planks":6,"minecraft:ender_pearl":1,"minecraft:leather_chestplate":1,"minecraft:wooden_pickaxe":49,"minecraft:composter":6,"minecraft:diamond_axe":766,"minecraft:sand":6,"minecraft:mushroom_stew":2,"minecraft:blast_furnace":2,"minecraft:shears":3,"minecraft:redstone_torch":1,"minecraft:cyan_carpet":1,"betternether:willow_sapling":1,"minecraft:string":1,"minecraft:bread":82,"minecraft:red_terracotta":1,"minecraft:gravel":15,"minecraft:golden_helmet":1,"minecraft:diamond_sword":108,"minecraft:fire_charge":2,"minecraft:grindstone":1,"minecraft:smithing_table":3,"minecraft:oak_boat":1,"minecraft:andesite":1,"minecraft:coarse_dirt":3,"minecraft:bone_meal":39,"minecraft:oak_trapdoor":6,"minecraft:enchanting_table":3,"minecraft:stone_sword":68,"minecraft:flint_and_steel":4,"minecraft:armor_stand":1,"minecraft:spruce_planks":3,"minecraft:cooked_chicken":11,"minecraft:netherrack":95,"minecraft:anvil":6,"minecraft:dirt":33,"minecraft:torch":433,"minecraft:golden_shovel":32,"minecraft:granite":11,"minecraft:dark_oak_planks":5,"minecraft:wooden_axe":35,"minecraft:bookshelf":17,"minecraft:iron_axe":635,"minecraft:iron_boots":1,"minecraft:barrel":1,"betterend:golden_hammer":6,"alexscaves:spelunkery_table":1,"minecraft:light_gray_wool":4,"minecraft:tripwire_hook":1,"minecraft:beef":1,"minecraft:cooked_beef":10,"minecraft:cobbled_deepslate":5,"minecraft:iron_leggings":2,"minecraft:brown_bed":1,"minecraft:calcite":6,"minecraft:cooked_mutton":7,"minecraft:water_bucket":41,"minecraft:spruce_sign":2,"minecraft:fletching_table":3,"minecraft:stonecutter":1,"minecraft:leather_boots":1,"betternether:blue_obsidian":20,"minecraft:crafting_table":12,"minecraft:oak_slab":1,"minecraft:white_bed":3,"minecraft:spruce_log":2,"minecraft:cake":1,"minecraft:diamond_pickaxe":1105,"minecraft:apple":18,"minecraft:diamond_shovel":35,"minecraft:iron_pickaxe":156,"minecraft:spruce_sapling":50,"minecraft:stone_axe":783,"minecraft:potion":1,"travelersbackpack:standard":102,"minecraft:cobblestone":62,"minecraft:cooked_porkchop":3,"minecraft:bucket":80,"minecraft:pumpkin_pie":6},"minecraft:killed_by":{"minecraft:creeper":1,"minecraft:pillager":3,"minecraft:zombie":10,"minecraft:stray":1,"minecraft:spider":1,"minecraft:skeleton":4},"minecraft:mined":{"minecraft:dark_oak_planks":48,"betternether:nether_sakura_leaves":5,"minecraft:blue_carpet":1,"minecraft:spruce_planks":23,"minecraft:white_bed":2,"minecraft:black_terracotta":1,"betternether:giant_mold":2,"minecraft:light_blue_concrete":1,"betternether:nether_reed_stem":1,"minecraft:orange_wool":1,"minecraft:obsidian":8,"minecraft:granite":12,"minecraft:red_sand":1,"minecraft:grass_block":40,"minecraft:crimson_trapdoor":1,"minecraft:soul_soil":17,"minecraft:purpur_slab":36,"minecraft:composter":5,"betternether:cincinnasite_ore":8,"minecraft:spawner":6,"minecraft:orange_concrete":15,"betternether:moss_cover":3,"minecraft:iron_ore":71,"minecraft:barrel":226,"minecraft:fire":8,"minecraft:anvil":1,"minecraft:fletching_table":2,"minecraft:nether_brick_stairs":2,"minecraft:dark_oak_stairs":13,"minecraft:enchanting_table":2,"betternether:jellyfish_mushroom":2,"betternether:willow_trunk":7,"minecraft:dirt_path":4,"minecraft:oak_stairs":2,"minecraft:green_carpet":1,"minecraft:blue_orchid":1,"minecraft:player_head":6,"betternether:ceiling_mushrooms":10,"minecraft:soul_fire":1,"minecraft:orange_terracotta":22,"minecraft:torch":9,"minecraft:light_gray_terracotta":25,"minecraft:blast_furnace":4,"minecraft:calcite":14,"minecraft:chest":211,"betternether:cincinnasite_forged":1,"minecraft:nether_quartz_ore":2,"minecraft:cobblestone":30,"minecraft:oak_planks":14,"minecraft:bricks":5,"betternether:nether_ruby_ore":16,"minecraft:crimson_stairs":3,"minecraft:wall_torch":8,"betternether:soul_sandstone":15,"minecraft:white_terracotta":6,"minecraft:cyan_wool":6,"minecraft:dark_oak_slab":3,"betternether:willow_leaves":1,"betternether:mushroom_fir_trunk":1,"minecraft:yellow_wool":4,"minecraft:lilac":2,"betternether:neon_equisetum":2,"minecraft:light_gray_wool":1,"minecraft:grass":13,"minecraft:oak_log":141,"minecraft:dirt":90,"minecraft:sand":14,"minecraft:crimson_planks":4,"minecraft:tripwire_hook":2,"minecraft:netherrack":406,"minecraft:deepslate":76,"minecraft:oak_leaves":17,"minecraft:yellow_terracotta":16,"alexscaves:spelunkery_table":1,"minecraft:red_carpet":2,"minecraft:yellow_wall_banner":1,"minecraft:deepslate_diamond_ore":3,"minecraft:dark_oak_log":1,"betternether:bone_grass":1,"minecraft:orange_concrete_powder":1,"minecraft:cyan_stained_glass":3,"minecraft:nether_bricks":13,"minecraft:dark_oak_fence":2,"minecraft:ladder":2,"minecraft:jungle_planks":25,"minecraft:brick_stairs":3,"minecraft:magenta_concrete":3,"travelersbackpack:white_sleeping_bag":1,"minecraft:yellow_concrete_powder":1,"minecraft:birch_slab":2,"minecraft:spruce_leaves":19,"betternether:hook_mushroom":1,"minecraft:spruce_sapling":3,"minecraft:furnace":6,"minecraft:red_concrete_powder":5,"minecraft:andesite":29,"minecraft:pink_concrete":6,"minecraft:bookshelf":39,"minecraft:deepslate_iron_ore":3,"minecraft:cyan_concrete":7,"minecraft:magenta_concrete_powder":1,"minecraft:stripped_oak_log":1,"minecraft:stone":258,"minecraft:white_wool":2,"minecraft:birch_stairs":1,"minecraft:oak_slab":4,"betternether:netherrack_moss":6,"minecraft:acacia_leaves":6,"minecraft:red_wool":7,"minecraft:soul_sand":38,"minecraft:spruce_door":2,"travelersbackpack:standard":3,"minecraft:oak_fence":2,"minecraft:crafting_table":10,"minecraft:emerald_ore":1,"minecraft:oak_wood":20,"betternether:mushroom_grass":7,"minecraft:rose_bush":6,"minecraft:lectern":1,"minecraft:copper_ore":2,"minecraft:tall_grass":3,"minecraft:lapis_ore":3,"minecraft:red_concrete":35,"minecraft:diorite":36,"minecraft:spruce_stairs":15,"minecraft:purple_bed":1,"minecraft:birch_planks":37,"minecraft:red_terracotta":3,"minecraft:coarse_dirt":3,"minecraft:birch_leaves":2,"minecraft:spruce_log":943,"minecraft:dark_prismarine_slab":1,"minecraft:red_wall_banner":1,"minecraft:coal_ore":45,"minecraft:cyan_carpet":1,"minecraft:yellow_concrete":37,"minecraft:sunflower":7,"minecraft:gravel":31,"minecraft:brown_terracotta":24,"minecraft:cobweb":5,"minecraft:terracotta":12,"betternether:swamp_grass":1,"minecraft:acacia_planks":15,"minecraft:polished_andesite":7,"minecraft:stripped_acacia_wood":1,"minecraft:stone_bricks":40,"minecraft:birch_fence":1},"minecraft:custom":{"minecraft:interact_with_crafting_table":96,"minecraft:open_barrel":90,"minecraft:eat_cake_slice":8,"minecraft:leave_game":74,"minecraft:time_since_death":392732,"minecraft:damage_resisted":1551761,"minecraft:sprint_one_cm":2218084,"minecraft:damage_blocked_by_shield":2047,"minecraft:drop":341,"minecraft:talked_to_villager":110,"minecraft:play_time":736147,"minecraft:deaths":24,"minecraft:jump":7107,"minecraft:interact_with_brewingstand":2,"minecraft:enchant_item":48,"minecraft:walk_on_water_one_cm":187477,"minecraft:interact_with_furnace":65,"minecraft:traded_with_villager":131,"minecraft:interact_with_loom":6,"minecraft:sleep_in_bed":18,"minecraft:damage_dealt":103967,"minecraft:crouch_one_cm":26796,"minecraft:interact_with_smoker":1,"minecraft:use_cauldron":1,"minecraft:inspect_dispenser":6,"minecraft:interact_with_smithing_table":7,"minecraft:interact_with_anvil":39,"minecraft:mob_kills":434,"minecraft:climb_one_cm":72069,"minecraft:walk_one_cm":1199358,"minecraft:sneak_time":12058,"minecraft:walk_under_water_one_cm":48754,"minecraft:boat_one_cm":74674,"minecraft:interact_with_blast_furnace":5,"minecraft:total_world_time":736147,"minecraft:tune_noteblock":4,"minecraft:interact_with_grindstone":22,"minecraft:time_since_rest":25553,"minecraft:damage_taken":11966,"minecraft:swim_one_cm":176302,"minecraft:fly_one_cm":1973053,"minecraft:open_chest":195,"minecraft:fall_one_cm":227742},"minecraft:picked_up":{"minecraft:wooden_axe":3,"minecraft:iron_chestplate":8,"minecraft:wheat":68,"minecraft:nether_brick_fence":1,"minecraft:anvil":1,"minecraft:smithing_table":1,"minecraft:diamond_sword":1,"betternether:lumabus_seed":12,"alexscaves:cave_tablet":16,"minecraft:oak_stairs":1,"minecraft:enchanted_book":7,"minecraft:potion":29,"betternether:nether_reed_stem":2,"minecraft:raw_copper":16,"minecraft:music_disc_cat":4,"minecraft:string":124,"minecraft:dark_oak_trapdoor":1,"minecraft:soul_soil":17,"betternether:blue_obsidian":10,"minecraft:iron_leggings":16,"minecraft:armor_stand":1,"minecraft:beetroot":6,"minecraft:orange_concrete_powder":1,"minecraft:diamond_leggings":2,"minecraft:gold_nugget":3793,"minecraft:cobbled_deepslate":278,"minecraft:bucket":4,"minecraft:spruce_planks":447,"minecraft:rose_bush":16,"minecraft:redstone_torch":1,"minecraft:calcite":24,"minecraft:iron_pickaxe":5,"minecraft:smooth_quartz_stairs":2,"minecraft:iron_boots":12,"minecraft:furnace":15,"minecraft:golden_helmet":4,"minecraft:stick":227,"minecraft:composter":5,"minecraft:oak_fence":3,"minecraft:torch":266,"minecraft:spruce_stairs":6,"minecraft:porkchop":15,"minecraft:diorite":22,"betternether:bone_mushroom":1,"betternether:cincinnasite":17,"minecraft:cauldron":9,"minecraft:brown_carpet":4,"minecraft:yellow_banner":1,"minecraft:stone_sword":3,"minecraft:cactus":105,"minecraft:rotten_flesh":142,"minecraft:white_terracotta":2,"betternether:mushroom_fir_sapling":2,"minecraft:netherite_chestplate":1,"minecraft:blaze_rod":1,"betternether:feather_fern":3,"minecraft:obsidian":16,"minecraft:snowball":6,"minecraft:cobblestone":659,"minecraft:enchanting_table":2,"minecraft:leather_chestplate":2,"betternether:glowstone_pile":15,"minecraft:cooked_beef":6,"minecraft:andesite":36,"minecraft:repeater":21,"minecraft:warped_fungus_on_a_stick":5,"betternether:jungle_moss":13,"minecraft:water_bucket":14,"minecraft:golden_leggings":4,"minecraft:potato":13,"minecraft:flint":6,"minecraft:lapis_lazuli":79,"minecraft:dirt":127,"minecraft:name_tag":2,"minecraft:leather_boots":1,"minecraft:bone":300,"minecraft:stonecutter":1,"minecraft:bow":5,"minecraft:wheat_seeds":4,"minecraft:raw_gold":14,"minecraft:fletching_table":2,"minecraft:diamond_helmet":4,"minecraft:bamboo":13,"minecraft:powered_rail":1,"minecraft:oak_planks":14,"minecraft:black_terracotta":1,"minecraft:music_disc_13":2,"minecraft:sand":60,"minecraft:nether_brick_stairs":2,"minecraft:dead_bush":55,"minecraft:fermented_spider_eye":43,"minecraft:spectral_arrow":10,"minecraft:red_terracotta":4,"minecraft:barrel":263,"minecraft:light_gray_terracotta":6,"minecraft:polished_andesite":13,"minecraft:dark_prismarine_slab":1,"minecraft:diamond":43,"minecraft:spruce_boat":2,"minecraft:writable_book":1,"minecraft:granite":16,"minecraft:golden_apple":3,"minecraft:spruce_sign":2,"minecraft:emerald":79,"minecraft:golden_horse_armor":6,"minecraft:bread":264,"minecraft:oak_sapling":76,"minecraft:netherrack":380,"minecraft:dark_oak_fence":1,"minecraft:bricks":1,"minecraft:diamond_pickaxe":6,"minecraft:charcoal":15,"minecraft:crafting_table":18,"minecraft:coarse_dirt":3,"minecraft:ladder":4,"minecraft:clay_ball":3,"minecraft:wooden_pickaxe":1,"minecraft:gold_block":1,"minecraft:shield":7,"alexscaves:cave_codex":2,"minecraft:oak_trapdoor":22,"minecraft:red_bed":1,"minecraft:iron_axe":3,"minecraft:orange_concrete":6,"minecraft:flint_and_steel":1,"minecraft:blackstone":1,"minecraft:iron_shovel":2,"minecraft:birch_fence":1,"minecraft:cyan_carpet":1,"minecraft:blue_orchid":72,"minecraft:beef":26,"minecraft:player_head":7,"minecraft:iron_nugget":5572,"minecraft:light_gray_wool":4,"minecraft:lectern":4,"betternether:giant_mold_sapling":3,"betternether:netherrack_stalactite":1,"minecraft:chest":210,"minecraft:birch_sapling":4,"minecraft:phantom_membrane":1,"minecraft:egg":1,"minecraft:raw_iron":293,"betternether:wall_mushroom_red":2,"minecraft:copper_ingot":4,"betternether:soul_sandstone":8,"betternether:willow_log":7,"minecraft:fire_charge":38,"minecraft:cake":6,"minecraft:cookie":1,"betternether:mushroom_fir_stem":5,"betternether:nether_ruby":19,"minecraft:carrot":26,"minecraft:redstone":8,"minecraft:netherite_pickaxe":1,"minecraft:iron_horse_armor":4,"minecraft:dark_oak_planks":11,"minecraft:arrow":179,"minecraft:diamond_chestplate":3,"minecraft:beetroot_seeds":7,"minecraft:pumpkin_pie":14,"minecraft:nether_bricks":11,"minecraft:diamond_boots":1,"minecraft:purpur_slab":11,"minecraft:hay_block":9,"alexscaves:spelunkery_table":1,"minecraft:yellow_terracotta":3,"minecraft:saddle":1,"minecraft:gold_ingot":1039,"minecraft:glistering_melon_slice":12,"minecraft:mutton":7,"minecraft:white_wool":7,"minecraft:bone_block":3,"minecraft:rail":1,"minecraft:stripped_oak_log":1,"minecraft:netherite_boots":3,"minecraft:basalt":12,"minecraft:mud_bricks":2,"minecraft:glow_ink_sac":6,"minecraft:tripwire_hook":23,"minecraft:leather":25,"minecraft:red_mushroom":4,"minecraft:birch_planks":12,"minecraft:filled_map":6,"minecraft:mushroom_stew":4,"minecraft:oak_log":210,"minecraft:golden_boots":1,"minecraft:gunpowder":102,"minecraft:paper":70,"minecraft:orange_terracotta":11,"minecraft:gray_carpet":7,"minecraft:apple":22,"minecraft:stone_bricks":66,"minecraft:kelp":8,"betternether:jellyfish_mushroom_sapling":3,"minecraft:iron_ingot":1783,"minecraft:stone_pickaxe":3,"minecraft:cooked_chicken":13,"minecraft:cobweb":39,"minecraft:glass_bottle":57,"betternether:willow_torch":42,"minecraft:iron_sword":9,"minecraft:soul_sand":39,"minecraft:dark_oak_stairs":3,"minecraft:green_dye":3,"minecraft:book":147,"minecraft:oak_slab":7,"minecraft:dark_oak_slab":5,"minecraft:emerald_block":1,"betternether:black_bush":1,"minecraft:pumpkin":43,"minecraft:sweet_berries":79,"minecraft:yellow_concrete":12,"minecraft:red_wool":3,"minecraft:quartz":4,"minecraft:gravel":41,"minecraft:lava_bucket":1,"minecraft:amethyst_shard":6,"minecraft:spruce_sapling":111,"minecraft:red_banner":1,"minecraft:blast_furnace":4,"minecraft:white_bed":3,"minecraft:spruce_log":948,"minecraft:crying_obsidian":3,"betternether:cincinnasite_forged":1,"minecraft:spider_eye":9,"minecraft:spruce_door":2,"betternether:nether_mushroom_stem":3,"travelersbackpack:standard":5,"minecraft:oak_wood":20,"minecraft:slime_ball":11,"minecraft:stone_axe":5,"minecraft:iron_helmet":14,"minecraft:painting":1,"betternether:willow_sapling":1,"alexscaves:cave_map":1,"minecraft:terracotta":11,"minecraft:melon_seeds":8,"minecraft:red_concrete":4,"minecraft:coal":116,"minecraft:sunflower":1,"minecraft:ender_pearl":3}},"DataVersion":3465}