{"stats":{"minecraft:killed_by":{"minecraft:creeper":1,"minecraft:zombie":10,"minecraft:stray":1,"minecraft:spider":1,"minecraft:skeleton":4},"minecraft:crafted":{"minecraft:oak_planks":132,"minecraft:cooked_mutton":7,"minecraft:glass":1,"minecraft:iron_boots":2,"minecraft:chest":2,"minecraft:emerald":82,"minecraft:cooked_porkchop":3,"minecraft:crafting_table":2,"minecraft:spruce_planks":1524,"minecraft:wooden_pickaxe":2,"minecraft:iron_helmet":1,"minecraft:fletching_table":1,"betterend:leather_stripe":3,"minecraft:iron_chestplate":1,"minecraft:charcoal":32,"minecraft:diamond_pickaxe":1,"minecraft:shield":2,"minecraft:stick":3049,"minecraft:iron_ingot":29,"betterend:golden_hammer":1,"minecraft:iron_pickaxe":1,"minecraft:stone_sword":1,"minecraft:composter":1,"minecraft:shears":2,"betterend:leather_wrapped_stick":1,"minecraft:furnace":4,"minecraft:bone_meal":45,"minecraft:flint_and_steel":1,"travelersbackpack:white_sleeping_bag":1,"minecraft:iron_axe":1,"minecraft:ladder":6,"minecraft:spruce_slab":12,"minecraft:stone_pickaxe":2,"minecraft:cooked_beef":8,"minecraft:iron_sword":1,"minecraft:golden_shovel":1,"minecraft:stone_axe":6,"minecraft:bread":192,"minecraft:air":0,"minecraft:golden_apple":1,"minecraft:wooden_axe":1,"minecraft:iron_leggings":1,"minecraft:white_bed":1,"minecraft:torch":240},"minecraft:mined":{"minecraft:dark_oak_planks":1,"minecraft:spruce_planks":7,"minecraft:white_bed":2,"betternether:nether_reed_stem":1,"minecraft:granite":9,"minecraft:grass_block":35,"minecraft:composter":5,"minecraft:spawner":2,"minecraft:iron_ore":71,"minecraft:fire":2,"minecraft:barrel":11,"minecraft:fletching_table":1,"minecraft:dirt_path":4,"minecraft:player_head":1,"minecraft:torch":6,"minecraft:blast_furnace":2,"minecraft:calcite":14,"minecraft:chest":18,"minecraft:cobblestone":30,"minecraft:wall_torch":7,"minecraft:light_gray_wool":1,"minecraft:grass":8,"minecraft:oak_log":56,"minecraft:sand":8,"minecraft:dirt":84,"minecraft:tripwire_hook":2,"minecraft:oak_leaves":15,"minecraft:deepslate":52,"minecraft:yellow_wall_banner":1,"minecraft:deepslate_diamond_ore":3,"minecraft:dark_oak_log":1,"minecraft:cyan_stained_glass":3,"minecraft:spruce_leaves":18,"minecraft:spruce_sapling":3,"minecraft:furnace":6,"minecraft:andesite":3,"minecraft:bookshelf":16,"minecraft:deepslate_iron_ore":3,"minecraft:stone":156,"minecraft:red_wool":3,"minecraft:spruce_door":2,"minecraft:oak_fence":1,"minecraft:crafting_table":10,"minecraft:emerald_ore":1,"minecraft:lectern":1,"minecraft:tall_grass":1,"minecraft:lapis_ore":3,"minecraft:diorite":6,"minecraft:spruce_stairs":6,"minecraft:purple_bed":1,"minecraft:coarse_dirt":3,"minecraft:spruce_log":943,"minecraft:red_wall_banner":1,"minecraft:dark_prismarine_slab":1,"minecraft:coal_ore":45,"minecraft:gravel":17},"minecraft:picked_up":{"minecraft:wooden_axe":3,"minecraft:iron_chestplate":2,"minecraft:wheat":5,"minecraft:smithing_table":1,"minecraft:potion":26,"minecraft:enchanted_book":1,"betternether:nether_reed_stem":2,"minecraft:music_disc_cat":2,"minecraft:string":12,"minecraft:dark_oak_trapdoor":1,"minecraft:iron_leggings":8,"minecraft:armor_stand":1,"minecraft:beetroot":6,"minecraft:cobbled_deepslate":246,"minecraft:bucket":3,"minecraft:spruce_planks":443,"minecraft:redstone_torch":1,"minecraft:calcite":16,"minecraft:iron_pickaxe":5,"minecraft:smooth_quartz_stairs":2,"minecraft:furnace":15,"minecraft:iron_boots":5,"minecraft:golden_helmet":4,"minecraft:stick":210,"minecraft:composter":5,"minecraft:oak_fence":2,"minecraft:torch":199,"minecraft:spruce_stairs":6,"minecraft:porkchop":10,"minecraft:diorite":6,"minecraft:cauldron":9,"minecraft:brown_carpet":4,"minecraft:yellow_banner":1,"minecraft:stone_sword":3,"minecraft:rotten_flesh":72,"minecraft:snowball":6,"minecraft:cobblestone":548,"minecraft:leather_chestplate":2,"minecraft:cooked_beef":2,"minecraft:repeater":21,"minecraft:warped_fungus_on_a_stick":5,"minecraft:water_bucket":14,"minecraft:andesite":3,"minecraft:potato":13,"minecraft:flint":6,"minecraft:lapis_lazuli":58,"minecraft:dirt":114,"minecraft:name_tag":2,"minecraft:leather_boots":1,"minecraft:bone":46,"minecraft:bow":3,"minecraft:wheat_seeds":1,"minecraft:raw_gold":14,"minecraft:fletching_table":1,"minecraft:bamboo":8,"minecraft:oak_planks":1,"minecraft:music_disc_13":2,"minecraft:sand":8,"minecraft:fermented_spider_eye":6,"minecraft:barrel":49,"minecraft:dark_prismarine_slab":1,"minecraft:diamond":5,"minecraft:spruce_boat":2,"minecraft:writable_book":1,"minecraft:granite":13,"minecraft:golden_apple":2,"minecraft:bread":194,"minecraft:emerald":78,"minecraft:oak_sapling":29,"minecraft:diamond_pickaxe":6,"minecraft:crafting_table":18,"minecraft:charcoal":15,"minecraft:coarse_dirt":3,"minecraft:wooden_pickaxe":1,"minecraft:shield":6,"minecraft:red_bed":1,"minecraft:iron_axe":2,"minecraft:flint_and_steel":1,"minecraft:iron_shovel":2,"minecraft:beef":23,"minecraft:player_head":2,"minecraft:light_gray_wool":4,"minecraft:lectern":4,"minecraft:chest":19,"minecraft:phantom_membrane":1,"minecraft:raw_iron":293,"minecraft:copper_ingot":3,"minecraft:fire_charge":38,"minecraft:cake":6,"minecraft:cookie":1,"minecraft:carrot":25,"minecraft:dark_oak_planks":4,"minecraft:arrow":42,"minecraft:pumpkin_pie":14,"minecraft:hay_block":9,"minecraft:glistering_melon_slice":12,"minecraft:gold_ingot":237,"minecraft:mutton":7,"minecraft:white_wool":7,"minecraft:rail":1,"minecraft:mud_bricks":2,"minecraft:tripwire_hook":23,"minecraft:leather":16,"minecraft:filled_map":4,"minecraft:mushroom_stew":3,"minecraft:oak_log":117,"minecraft:gunpowder":16,"minecraft:apple":12,"minecraft:gray_carpet":7,"minecraft:iron_ingot":365,"minecraft:stone_pickaxe":3,"minecraft:cooked_chicken":1,"minecraft:cobweb":10,"minecraft:glass_bottle":57,"minecraft:soul_sand":1,"minecraft:iron_sword":4,"minecraft:dark_oak_stairs":3,"minecraft:book":78,"minecraft:dark_oak_slab":2,"minecraft:emerald_block":1,"minecraft:pumpkin":43,"minecraft:sweet_berries":79,"minecraft:red_wool":3,"minecraft:gravel":24,"minecraft:lava_bucket":1,"minecraft:amethyst_shard":6,"minecraft:red_banner":1,"minecraft:spruce_sapling":111,"minecraft:blast_furnace":2,"minecraft:white_bed":3,"minecraft:spruce_log":948,"minecraft:spruce_door":2,"minecraft:spider_eye":1,"minecraft:stone_axe":5,"minecraft:iron_helmet":5,"minecraft:painting":1,"minecraft:melon_seeds":8,"minecraft:coal":99},"minecraft:dropped":{"minecraft:dark_oak_stairs":1,"minecraft:red_wool":3,"minecraft:rail":1,"betternether:nether_reed_stem":2,"minecraft:dirt":1,"minecraft:writable_book":1,"minecraft:phantom_membrane":1,"minecraft:glistering_melon_slice":7,"minecraft:fermented_spider_eye":3,"minecraft:dark_oak_planks":1,"minecraft:bone":2,"minecraft:gold_ingot":44,"minecraft:gravel":5,"minecraft:wheat":1,"minecraft:rotten_flesh":27,"minecraft:leather_chestplate":1,"minecraft:arrow":1,"minecraft:beef":4,"minecraft:water_bucket":3,"minecraft:bread":29,"minecraft:golden_helmet":1,"minecraft:oak_fence":1,"minecraft:cobblestone":2,"minecraft:book":36,"minecraft:golden_apple":1,"minecraft:stick":64,"minecraft:lava_bucket":1,"minecraft:cobweb":7,"minecraft:wooden_axe":1,"minecraft:potion":1,"minecraft:iron_leggings":2,"minecraft:string":2,"minecraft:tripwire_hook":2,"minecraft:bucket":1,"minecraft:gray_carpet":7,"minecraft:spruce_sapling":1,"minecraft:sweet_berries":64,"minecraft:player_head":1,"minecraft:shears":1,"minecraft:filled_map":1,"minecraft:shield":1,"minecraft:diamond_pickaxe":1,"minecraft:andesite":1,"minecraft:cake":1,"minecraft:barrel":13,"minecraft:spider_eye":1,"minecraft:bamboo":8,"minecraft:stone_pickaxe":1,"minecraft:wooden_pickaxe":1,"minecraft:calcite":8},"minecraft:killed":{"minecraft:cave_spider":1,"minecraft:spider":1,"minecraft:skeleton":18,"minecraft:magma_cube":3,"minecraft:pig":5,"minecraft:sheep":6,"minecraft:zombie":13,"minecraft:cow":5},"minecraft:broken":{"minecraft:iron_boots":2,"minecraft:golden_shovel":1,"minecraft:iron_leggings":1,"minecraft:stone_axe":6,"minecraft:iron_helmet":2},"minecraft:custom":{"minecraft:interact_with_crafting_table":70,"minecraft:open_barrel":80,"minecraft:eat_cake_slice":3,"minecraft:leave_game":25,"minecraft:time_since_death":19082,"minecraft:damage_resisted":25339,"minecraft:sprint_one_cm":992311,"minecraft:damage_blocked_by_shield":1300,"minecraft:drop":59,"minecraft:talked_to_villager":91,"minecraft:play_time":290949,"minecraft:deaths":21,"minecraft:jump":3219,"minecraft:interact_with_brewingstand":2,"minecraft:walk_on_water_one_cm":54163,"minecraft:interact_with_furnace":51,"minecraft:traded_with_villager":114,"minecraft:sleep_in_bed":10,"minecraft:damage_dealt":7977,"minecraft:crouch_one_cm":14182,"minecraft:interact_with_smoker":1,"minecraft:use_cauldron":1,"minecraft:inspect_dispenser":3,"minecraft:mob_kills":52,"minecraft:interact_with_anvil":1,"minecraft:climb_one_cm":63335,"minecraft:walk_one_cm":491362,"minecraft:sneak_time":6149,"minecraft:walk_under_water_one_cm":15422,"minecraft:interact_with_blast_furnace":4,"minecraft:total_world_time":290949,"minecraft:tune_noteblock":4,"minecraft:time_since_rest":11926,"minecraft:damage_taken":8906,"minecraft:swim_one_cm":80404,"minecraft:fly_one_cm":731829,"minecraft:open_chest":117,"minecraft:fall_one_cm":87420},"minecraft:used":{"minecraft:writable_book":1,"minecraft:ladder":6,"minecraft:chest":4,"minecraft:shield":16,"minecraft:iron_sword":50,"minecraft:player_head":1,"minecraft:rotten_flesh":5,"minecraft:soul_sand":1,"minecraft:snowball":3,"minecraft:lava_bucket":23,"minecraft:iron_helmet":1,"minecraft:dark_oak_slab":2,"minecraft:bow":1,"minecraft:furnace":10,"minecraft:dark_oak_stairs":1,"minecraft:diorite":5,"minecraft:warped_fungus_on_a_stick":35,"minecraft:stone_pickaxe":178,"minecraft:oak_planks":1,"minecraft:wooden_pickaxe":49,"minecraft:leather_chestplate":1,"minecraft:composter":6,"minecraft:blast_furnace":2,"minecraft:shears":3,"minecraft:redstone_torch":1,"minecraft:bread":37,"minecraft:string":1,"minecraft:gravel":15,"minecraft:golden_helmet":1,"minecraft:fire_charge":2,"minecraft:andesite":1,"minecraft:coarse_dirt":3,"minecraft:bone_meal":12,"minecraft:stone_sword":68,"minecraft:flint_and_steel":1,"minecraft:spruce_planks":3,"minecraft:cooked_chicken":1,"minecraft:torch":196,"minecraft:dirt":29,"minecraft:golden_shovel":32,"minecraft:granite":9,"minecraft:dark_oak_planks":2,"minecraft:wooden_axe":35,"minecraft:iron_axe":348,"betterend:golden_hammer":6,"minecraft:light_gray_wool":4,"minecraft:tripwire_hook":1,"minecraft:cooked_beef":6,"minecraft:cobbled_deepslate":5,"minecraft:iron_leggings":2,"minecraft:calcite":6,"minecraft:cooked_mutton":7,"minecraft:water_bucket":27,"minecraft:fletching_table":3,"minecraft:leather_boots":1,"minecraft:crafting_table":10,"minecraft:white_bed":3,"minecraft:spruce_log":2,"minecraft:diamond_pickaxe":57,"minecraft:apple":5,"minecraft:iron_pickaxe":156,"minecraft:spruce_sapling":50,"minecraft:stone_axe":783,"minecraft:cobblestone":31,"minecraft:cooked_porkchop":3,"minecraft:bucket":64}},"DataVersion":3465}