{"stats":{"minecraft:crafted":{"travelersbackpack:crafting_upgrade":1,"travelersbackpack:diamond":1,"minecraft:glass":30,"minecraft:netherite_boots":1,"travelersbackpack:standard":6,"minecraft:spruce_door":3,"minecraft:copper_ingot":2,"minecraft:iron_pickaxe":3,"minecraft:iron_block":6,"minecraft:stone_shovel":1,"minecraft:spyglass":1,"travelersbackpack:blank_upgrade":4,"travelersbackpack:gold_tier_upgrade":1,"travelersbackpack:white_sleeping_bag":1,"minecraft:spruce_slab":18,"minecraft:stone_pickaxe":2,"minecraft:spruce_boat":1,"minecraft:wheat":198,"minecraft:netherite_pickaxe":3,"minecraft:red_bed":2,"minecraft:iron_leggings":1,"minecraft:iron_shovel":3,"minecraft:barrel":3,"travelersbackpack:hose_nozzle":1,"minecraft:green_dye":4,"minecraft:iron_boots":1,"minecraft:chest":10,"minecraft:golden_boots":1,"travelersbackpack:iron_tier_upgrade":1,"minecraft:crafting_table":6,"minecraft:spruce_planks":236,"minecraft:wooden_pickaxe":1,"minecraft:iron_helmet":2,"minecraft:gold_block":4,"minecraft:birch_planks":24,"minecraft:charcoal":1,"minecraft:iron_chestplate":3,"minecraft:diamond_pickaxe":1,"minecraft:shield":3,"minecraft:stick":96,"minecraft:iron_ingot":31,"minecraft:stone_sword":1,"minecraft:shears":1,"minecraft:furnace":4,"minecraft:flint_and_steel":1,"minecraft:netherite_chestplate":1,"minecraft:iron_axe":4,"travelersbackpack:diamond_tier_upgrade":1,"travelersbackpack:hose":1,"minecraft:cooked_beef":2,"travelersbackpack:backpack_tank":5,"minecraft:iron_sword":5,"minecraft:bucket":14,"minecraft:stone_axe":1,"minecraft:bread":66,"minecraft:air":0,"minecraft:anvil":2,"minecraft:torch":152},"minecraft:killed":{"betternether:firefly":1,"minecraft:skeleton":119,"minecraft:pillager":42,"minecraft:zombie":41,"minecraft:cow":10,"minecraft:evoker":2,"minecraft:vindicator":8,"minecraft:horse":10,"minecraft:husk":6,"minecraft:frog":4,"minecraft:witch":3,"minecraft:piglin_brute":33,"betternether:hydrogen_jellyfish":2,"minecraft:pig":2,"minecraft:zombie_villager":1,"minecraft:creeper":2,"minecraft:sheep":5,"minecraft:blaze":9,"minecraft:vex":3,"betternether:naga":6,"minecraft:wither_skeleton":4},"minecraft:dropped":{"betternether:wall_mushroom_red":1,"minecraft:stripped_mangrove_wood":2,"minecraft:glass_bottle":8,"minecraft:diamond":1,"minecraft:crafting_table":2,"minecraft:crossbow":1,"minecraft:dark_oak_slab":6,"minecraft:warped_fungus_on_a_stick":3,"minecraft:warped_roots":3,"betternether:black_bush":2,"minecraft:red_carpet":13,"minecraft:emerald":15,"minecraft:dirt":34,"minecraft:gray_concrete":1,"minecraft:red_bed":2,"minecraft:dark_oak_trapdoor":1,"minecraft:gold_nugget":14,"minecraft:bone_meal":6,"minecraft:bone_block":3,"minecraft:sand":3,"minecraft:dark_oak_planks":5,"minecraft:white_wool":4,"minecraft:bone":29,"minecraft:iron_nugget":42,"minecraft:cooked_chicken":5,"minecraft:cobbled_deepslate":47,"minecraft:rotten_flesh":62,"minecraft:oak_planks":1,"minecraft:glowstone_dust":1,"minecraft:nether_brick_fence":4,"alexscaves:cave_book":1,"minecraft:brick_stairs":2,"minecraft:painting":1,"minecraft:lectern":1,"minecraft:golden_boots":1,"minecraft:iron_ingot":36,"minecraft:wheat_seeds":7,"minecraft:golden_horse_armor":1,"minecraft:oak_fence":1,"minecraft:iron_helmet":4,"minecraft:yellow_terracotta":6,"minecraft:cobblestone":101,"minecraft:book":1,"minecraft:granite":4,"minecraft:coal":1,"minecraft:golden_apple":1,"minecraft:polished_andesite":4,"minecraft:cobweb":1,"minecraft:rose_bush":5,"minecraft:diamond_helmet":2,"minecraft:potion":12,"minecraft:dead_bush":2,"minecraft:oak_stairs":1,"minecraft:paper":29,"minecraft:string":8,"minecraft:spruce_sapling":26,"minecraft:furnace":6,"minecraft:bricks":16,"minecraft:soul_soil":4,"minecraft:player_head":1,"minecraft:stone_sword":2,"betternether:golden_lumabus_seed":22,"minecraft:iron_boots":2,"alexscaves:cave_codex":2,"betternether:cincinnasite":4,"minecraft:nether_bricks":7,"betternether:stalagnate_stem":1,"minecraft:diamond_sword":1,"minecraft:spruce_trapdoor":2,"minecraft:diamond_pickaxe":6,"minecraft:light_blue_carpet":1,"minecraft:barrel":13,"minecraft:spider_eye":2,"minecraft:stone_bricks":6,"minecraft:brown_carpet":3,"minecraft:blue_orchid":9,"minecraft:bow":1,"minecraft:spruce_sign":1,"minecraft:dark_oak_stairs":4,"minecraft:diamond_axe":2,"minecraft:oak_log":2,"travelersbackpack:standard":3,"minecraft:flint":4,"minecraft:cyan_terracotta":1,"minecraft:mutton":2,"betternether:wall_mushroom_brown":3,"minecraft:snowball":48,"alexscaves:cave_map":2,"minecraft:amethyst_shard":2,"betternether:agave":1,"minecraft:glistering_melon_slice":3,"minecraft:black_concrete":2,"betternether:wall_moss":2,"minecraft:cauldron":3,"minecraft:gravel":7,"minecraft:blackstone":1,"betternether:jungle_moss":1,"minecraft:black_terracotta":1,"betternether:netherrack_stalactite":22,"minecraft:leather_chestplate":3,"minecraft:gunpowder":5,"betternether:glowstone_pile":27,"minecraft:chest":10,"minecraft:arrow":27,"minecraft:quartz":1,"minecraft:netherrack":64,"minecraft:purple_carpet":1,"minecraft:water_bucket":2,"minecraft:golden_helmet":1,"minecraft:yellow_concrete":3,"minecraft:diamond_leggings":1,"minecraft:lead":3,"betternether:bone_mushroom":5,"minecraft:stick":2,"minecraft:diorite":4,"minecraft:torch":96,"minecraft:fire_charge":13,"minecraft:iron_leggings":1,"betternether:wart_log":1,"minecraft:iron_axe":1,"minecraft:polished_basalt":2,"minecraft:bucket":2,"minecraft:smooth_basalt":3,"minecraft:kelp":8,"minecraft:tuff":4,"minecraft:raw_iron":1,"minecraft:light_gray_wool":1,"minecraft:red_terracotta":3,"betternether:lapis_pile":17,"minecraft:shield":3,"minecraft:diamond_chestplate":1,"minecraft:orange_terracotta":6,"minecraft:andesite":8,"minecraft:cake":5,"minecraft:golden_leggings":2,"minecraft:oak_boat":1,"minecraft:diamond_boots":2,"minecraft:slime_ball":2,"minecraft:stripped_crimson_hyphae":2,"minecraft:wooden_pickaxe":1,"minecraft:calcite":9},"minecraft:broken":{"minecraft:iron_boots":1,"minecraft:iron_chestplate":1,"minecraft:iron_leggings":2,"minecraft:iron_sword":3,"minecraft:iron_axe":1,"minecraft:iron_pickaxe":2,"minecraft:iron_helmet":1,"minecraft:netherite_boots":1,"minecraft:stone_pickaxe":1},"minecraft:used":{"minecraft:nether_brick_fence":1,"minecraft:writable_book":1,"minecraft:spruce_slab":6,"minecraft:chest":40,"travelersbackpack:diamond":1,"minecraft:rotten_flesh":6,"minecraft:brick_slab":7,"minecraft:snowball":2,"minecraft:spruce_boat":5,"minecraft:dark_oak_slab":2,"minecraft:bow":169,"minecraft:sweet_berries":10,"minecraft:furnace":7,"minecraft:egg":1,"minecraft:diorite":2,"minecraft:warped_fungus_on_a_stick":46,"minecraft:spruce_door":1,"minecraft:wooden_pickaxe":6,"minecraft:leather_chestplate":2,"minecraft:cookie":1,"minecraft:golden_apple":4,"minecraft:stripped_mangrove_wood":2,"minecraft:dark_oak_trapdoor":1,"minecraft:sand":4,"minecraft:blast_furnace":4,"minecraft:cyan_carpet":1,"minecraft:polished_granite":6,"minecraft:diamond_sword":11,"minecraft:smithing_table":1,"minecraft:stone_sword":36,"minecraft:netherrack":298,"minecraft:torch":188,"minecraft:anvil":3,"minecraft:nether_brick_stairs":4,"minecraft:iron_axe":322,"minecraft:barrel":12,"minecraft:diamond_chestplate":1,"minecraft:basalt":6,"travelersbackpack:hose":16,"minecraft:cobbled_deepslate":12,"minecraft:orange_terracotta":2,"minecraft:calcite":32,"minecraft:water_bucket":152,"minecraft:birch_planks":10,"betternether:blue_obsidian":1,"minecraft:tnt":1,"minecraft:crafting_table":18,"minecraft:red_bed":2,"minecraft:cake":2,"minecraft:spruce_log":2,"minecraft:dark_prismarine":5,"minecraft:diamond_pickaxe":43,"minecraft:diamond_shovel":11,"minecraft:iron_pickaxe":936,"travelersbackpack:white_sleeping_bag":1,"minecraft:spruce_trapdoor":2,"minecraft:spruce_sapling":17,"minecraft:green_carpet":1,"minecraft:cobblestone":23,"travelersbackpack:standard":12,"minecraft:stripped_oak_log":1,"minecraft:diamond_leggings":2,"minecraft:iron_shovel":102,"minecraft:polished_deepslate":1,"minecraft:shield":38,"minecraft:iron_sword":1272,"minecraft:iron_chestplate":2,"minecraft:nether_bricks":15,"minecraft:obsidian":11,"minecraft:polished_deepslate_stairs":1,"minecraft:bricks":27,"minecraft:iron_helmet":3,"minecraft:stone_bricks":3,"minecraft:red_carpet":1,"minecraft:gold_block":4,"minecraft:dark_oak_stairs":7,"minecraft:diamond_boots":1,"minecraft:gray_carpet":1,"minecraft:stone_pickaxe":153,"minecraft:oak_planks":1,"minecraft:chainmail_helmet":1,"minecraft:diamond_axe":4,"alexscaves:cave_book":1,"minecraft:black_banner":3,"minecraft:yellow_concrete":1,"minecraft:crossbow":1,"minecraft:redstone_torch":1,"minecraft:lever":1,"minecraft:light_gray_concrete":3,"minecraft:cyan_bed":6,"minecraft:bread":78,"betternether:soul_sandstone":1,"minecraft:string":1,"minecraft:gravel":5,"minecraft:andesite":8,"minecraft:coarse_dirt":1,"minecraft:cobweb":1,"betternether:netherrack_stalactite":6,"minecraft:rose_bush":1,"minecraft:flint_and_steel":1,"betternether:barrel_cactus":1,"minecraft:stone_shovel":5,"minecraft:spruce_planks":44,"minecraft:cooked_chicken":5,"minecraft:dirt":21,"minecraft:spyglass":34,"minecraft:spruce_stairs":2,"minecraft:diamond_helmet":2,"minecraft:dark_oak_planks":1,"minecraft:oak_stairs":2,"minecraft:iron_boots":2,"alexscaves:spelunkery_table":2,"minecraft:soul_soil":2,"minecraft:netherite_pickaxe":1,"minecraft:cooked_beef":1,"minecraft:iron_leggings":2,"minecraft:cyan_candle":1,"minecraft:polished_andesite":27,"minecraft:terracotta":20,"minecraft:stone_axe":86,"minecraft:bucket":178,"minecraft:pumpkin_pie":1},"minecraft:killed_by":{"minecraft:pillager":8,"minecraft:magma_cube":1,"minecraft:zombie":13,"minecraft:wither_skeleton":2,"minecraft:creeper":1,"minecraft:spider":1,"minecraft:enderman":1,"minecraft:skeleton":11},"minecraft:mined":{"minecraft:dark_oak_planks":5,"minecraft:dark_prismarine_stairs":1,"betternether:wart_roots":1,"minecraft:black_terracotta":1,"minecraft:granite":1,"betternether:jungle_moss":1,"minecraft:nether_wart":40,"minecraft:spawner":108,"minecraft:tall_seagrass":1,"minecraft:dark_oak_trapdoor":3,"minecraft:cobbled_deepslate":2,"minecraft:fire":1,"minecraft:barrel":2,"minecraft:pumpkin":44,"minecraft:nether_brick_stairs":4,"minecraft:oak_stairs":3,"minecraft:light_gray_concrete":4,"minecraft:green_carpet":1,"minecraft:stripped_mangrove_wood":4,"minecraft:player_head":1,"betternether:netherrack_stalactite":1,"betternether:eyeball":2,"minecraft:red_bed":2,"minecraft:soul_fire":1,"minecraft:torch":5,"minecraft:blast_furnace":6,"minecraft:mud_brick_stairs":2,"minecraft:cyan_bed":6,"minecraft:sugar_cane":1,"minecraft:bricks":42,"minecraft:amethyst_block":12,"betternether:soul_grass":2,"minecraft:birch_door":1,"betternether:egg_plant":3,"minecraft:grass":16,"minecraft:stripped_birch_wood":6,"minecraft:smooth_basalt":3,"minecraft:deepslate":12,"minecraft:dark_prismarine":6,"minecraft:yellow_terracotta":3,"minecraft:cyan_stained_glass":9,"minecraft:nether_bricks":40,"minecraft:spruce_fence":1,"minecraft:packed_mud":1,"minecraft:snow":1,"minecraft:andesite":21,"betternether:wall_mushroom_brown":1,"minecraft:smooth_quartz_stairs":2,"minecraft:bone_block":3,"minecraft:cake":1,"minecraft:smithing_table":1,"betternether:netherrack_moss":1,"minecraft:gray_concrete":1,"minecraft:emerald_ore":3,"minecraft:campfire":4,"minecraft:tall_grass":25,"minecraft:copper_ore":5,"minecraft:deepslate_gold_ore":13,"minecraft:diorite":17,"minecraft:purple_bed":1,"minecraft:red_terracotta":5,"minecraft:coarse_dirt":1,"betternether:jungle_plant":2,"minecraft:spruce_log":52,"minecraft:birch_leaves":2,"betternether:wall_mushroom_red":2,"minecraft:gravel":17,"minecraft:cobweb":4,"minecraft:stone_bricks":7,"minecraft:gold_ore":2,"betternether:barrel_cactus":1,"minecraft:fern":1,"minecraft:spruce_planks":52,"minecraft:spruce_trapdoor":3,"minecraft:stripped_crimson_hyphae":2,"minecraft:grass_block":11,"minecraft:soul_soil":6,"minecraft:mud_bricks":6,"betternether:stalagnate_trunk":1,"betternether:cincinnasite_ore":1,"minecraft:iron_ore":58,"minecraft:anvil":1,"minecraft:dark_oak_stairs":22,"minecraft:red_tulip":1,"minecraft:potted_cornflower":1,"betternether:black_vine":3,"minecraft:potted_orange_tulip":1,"minecraft:spruce_slab":8,"minecraft:cyan_terracotta":1,"minecraft:polished_deepslate_stairs":8,"minecraft:orange_terracotta":24,"minecraft:calcite":43,"minecraft:chest":4,"minecraft:nether_quartz_ore":1,"minecraft:cobblestone":10,"minecraft:oak_planks":6,"minecraft:wall_torch":8,"betternether:soul_sandstone":1,"minecraft:warped_nylium":24,"minecraft:red_candle":1,"minecraft:dark_oak_slab":4,"minecraft:smooth_stone_slab":6,"minecraft:sand":48,"minecraft:dirt":30,"minecraft:tripwire_hook":1,"minecraft:netherrack":372,"minecraft:polished_deepslate_wall":7,"minecraft:oak_leaves":2,"minecraft:cyan_candle":1,"minecraft:emerald_block":1,"minecraft:nether_gold_ore":3,"alexscaves:spelunkery_table":2,"minecraft:red_carpet":1,"minecraft:tuff":4,"minecraft:black_banner":1,"minecraft:soul_campfire":2,"travelersbackpack:white_sleeping_bag":1,"betternether:black_bush":2,"minecraft:spruce_leaves":11,"minecraft:hay_block":22,"minecraft:spruce_sapling":1,"minecraft:furnace":6,"minecraft:polished_basalt":2,"minecraft:waxed_oxidized_cut_copper_slab":1,"minecraft:black_concrete":2,"minecraft:nether_brick_fence":3,"minecraft:polished_deepslate":2,"betternether:wall_moss":1,"minecraft:bookshelf":83,"minecraft:deepslate_iron_ore":1,"betternether:nether_lapis_ore":4,"minecraft:stone":75,"minecraft:redstone_wall_torch":1,"minecraft:red_wool":6,"minecraft:spruce_door":1,"minecraft:polished_granite":5,"travelersbackpack:standard":3,"minecraft:crafting_table":15,"minecraft:rose_bush":7,"minecraft:lapis_ore":2,"betternether:rubeus_leaves":1,"minecraft:spruce_stairs":5,"minecraft:brick_slab":8,"minecraft:sweet_berry_bush":35,"minecraft:black_wall_banner":2,"minecraft:white_wall_banner":1,"minecraft:mangrove_slab":1,"betternether:golden_lumabus_vine":1,"minecraft:coal_ore":38,"minecraft:cyan_carpet":1,"minecraft:yellow_concrete":1,"minecraft:gray_carpet":1,"minecraft:terracotta":20,"minecraft:polished_andesite":29},"minecraft:custom":{"minecraft:interact_with_crafting_table":84,"minecraft:open_barrel":284,"minecraft:eat_cake_slice":15,"minecraft:leave_game":8,"minecraft:time_since_death":43453,"minecraft:damage_blocked_by_shield":6498,"minecraft:play_time":558062,"minecraft:deaths":40,"minecraft:jump":9363,"minecraft:interact_with_furnace":59,"minecraft:sleep_in_bed":11,"minecraft:damage_dealt":64897,"minecraft:interact_with_smoker":1,"minecraft:inspect_dispenser":3,"minecraft:interact_with_smithing_table":9,"minecraft:interact_with_anvil":5,"minecraft:sneak_time":20184,"minecraft:interact_with_lectern":1,"minecraft:interact_with_blast_furnace":13,"minecraft:total_world_time":558062,"minecraft:tune_noteblock":2,"minecraft:time_since_rest":43480,"minecraft:swim_one_cm":127888,"minecraft:fly_one_cm":1908005,"minecraft:open_chest":451,"minecraft:fall_one_cm":337617,"minecraft:damage_resisted":886789,"minecraft:sprint_one_cm":1399362,"minecraft:drop":300,"minecraft:play_noteblock":8,"minecraft:talked_to_villager":20,"minecraft:interact_with_brewingstand":2,"minecraft:walk_on_water_one_cm":152925,"minecraft:interact_with_loom":10,"minecraft:player_kills":1,"minecraft:crouch_one_cm":57192,"minecraft:mob_kills":368,"minecraft:climb_one_cm":26687,"minecraft:walk_one_cm":1293898,"minecraft:raid_win":1,"minecraft:walk_under_water_one_cm":69169,"minecraft:boat_one_cm":147181,"minecraft:damage_taken":13392,"minecraft:damage_absorbed":56},"minecraft:picked_up":{"minecraft:iron_chestplate":10,"minecraft:birch_door":1,"minecraft:flower_pot":2,"minecraft:anvil":1,"minecraft:smithing_table":3,"minecraft:lead":3,"minecraft:diamond_sword":2,"betternether:lumabus_seed":6,"minecraft:oak_stairs":3,"minecraft:enchanted_book":1,"betternether:agave":1,"minecraft:polished_deepslate_wall":7,"minecraft:amethyst_block":24,"minecraft:polished_deepslate":2,"minecraft:soul_soil":8,"minecraft:string":10,"minecraft:dark_oak_trapdoor":3,"minecraft:diamond_leggings":4,"minecraft:gold_nugget":14,"minecraft:cobbled_deepslate":110,"minecraft:spruce_planks":249,"minecraft:golden_helmet":5,"betternether:bone_mushroom":5,"betternether:cincinnasite":4,"minecraft:cauldron":9,"minecraft:brown_carpet":3,"minecraft:stone_sword":9,"minecraft:polished_basalt":2,"minecraft:cyan_terracotta":1,"minecraft:netherite_chestplate":2,"minecraft:blaze_rod":1,"minecraft:snowball":50,"minecraft:cooked_beef":3,"betternether:jungle_moss":1,"minecraft:water_bucket":28,"minecraft:flint":5,"minecraft:gray_concrete":1,"minecraft:mangrove_slab":1,"minecraft:lantern":1,"minecraft:purple_carpet":1,"minecraft:dark_oak_sign":6,"minecraft:diamond_helmet":4,"minecraft:glowstone_dust":1,"betternether:wall_moss":2,"minecraft:fermented_spider_eye":3,"minecraft:red_terracotta":3,"minecraft:barrel":256,"minecraft:polished_andesite":34,"minecraft:lever":1,"minecraft:writable_book":4,"minecraft:granite":8,"minecraft:bread":927,"minecraft:golden_horse_armor":1,"minecraft:chainmail_helmet":1,"minecraft:bricks":43,"minecraft:diamond_pickaxe":13,"minecraft:coarse_dirt":1,"minecraft:crafting_table":34,"minecraft:nether_wart":42,"minecraft:cornflower":1,"minecraft:red_bed":5,"minecraft:netherite_scrap":2,"minecraft:iron_shovel":7,"minecraft:beef":22,"minecraft:iron_nugget":42,"minecraft:spruce_slab":14,"minecraft:chest":218,"betternether:netherrack_stalactite":28,"minecraft:egg":1,"betternether:soul_sandstone":1,"minecraft:spruce_fence":1,"minecraft:fire_charge":51,"minecraft:cake":14,"minecraft:mangrove_sign":1,"minecraft:carrot":40,"minecraft:redstone":2,"minecraft:netherite_pickaxe":5,"minecraft:tnt":58,"minecraft:stone_shovel":5,"minecraft:diamond_chestplate":3,"minecraft:diamond_boots":3,"minecraft:hay_block":40,"minecraft:yellow_terracotta":6,"minecraft:gold_ingot":413,"minecraft:totem_of_undying":3,"minecraft:mutton":14,"minecraft:bone_block":3,"minecraft:white_wool":7,"minecraft:emerald_ore":6,"minecraft:stripped_oak_log":1,"minecraft:mud_bricks":8,"minecraft:tripwire_hook":6,"betternether:wart_log":1,"minecraft:packed_mud":2,"minecraft:oak_log":6,"minecraft:paper":32,"minecraft:white_banner":4,"minecraft:apple":23,"minecraft:stone_bricks":21,"minecraft:kelp":16,"minecraft:stone_pickaxe":5,"minecraft:cobweb":2,"minecraft:glass_bottle":8,"minecraft:iron_sword":20,"minecraft:dark_oak_stairs":26,"minecraft:dark_oak_slab":10,"minecraft:smooth_basalt":3,"betternether:black_bush":2,"minecraft:sweet_berries":369,"minecraft:yellow_concrete":4,"minecraft:red_wool":6,"minecraft:gravel":13,"minecraft:spruce_sapling":95,"minecraft:spruce_log":1177,"travelersbackpack:standard":8,"minecraft:diamond_shovel":1,"minecraft:slime_ball":2,"minecraft:stone_axe":4,"minecraft:light_blue_carpet":1,"minecraft:diamond_axe":3,"minecraft:painting":1,"minecraft:warped_roots":3,"alexscaves:cave_map":2,"minecraft:ender_pearl":12,"minecraft:wheat":1,"minecraft:nether_brick_fence":5,"alexscaves:cave_tablet":15,"minecraft:potion":18,"betternether:stalagnate_stem":1,"minecraft:raw_copper":27,"minecraft:smooth_stone_slab":8,"minecraft:iron_leggings":15,"minecraft:red_candle":9,"betternether:golden_lumabus_seed":22,"minecraft:bucket":3,"minecraft:rose_bush":6,"minecraft:redstone_torch":4,"minecraft:calcite":49,"minecraft:iron_pickaxe":20,"minecraft:smooth_quartz_stairs":2,"minecraft:furnace":27,"minecraft:iron_boots":14,"minecraft:stick":1051,"minecraft:oak_fence":1,"minecraft:polished_deepslate_stairs":8,"minecraft:torch":859,"minecraft:spruce_stairs":6,"minecraft:porkchop":18,"minecraft:diorite":15,"betternether:lapis_pile":17,"minecraft:rotten_flesh":130,"minecraft:obsidian":19,"minecraft:stripped_birch_wood":6,"minecraft:cobblestone":259,"minecraft:leather_chestplate":9,"betternether:glowstone_pile":27,"minecraft:magma_cream":3,"minecraft:warped_fungus_on_a_stick":6,"minecraft:andesite":19,"minecraft:golden_leggings":2,"minecraft:mud_brick_stairs":4,"alexscaves:cave_book":1,"minecraft:tuff":4,"minecraft:lapis_lazuli":100,"minecraft:dirt":101,"minecraft:polished_granite":6,"minecraft:name_tag":1,"minecraft:leather_boots":2,"minecraft:bone":132,"minecraft:bow":15,"minecraft:orange_tulip":1,"minecraft:wheat_seeds":9,"minecraft:raw_gold":113,"minecraft:cyan_candle":5,"minecraft:oak_planks":6,"minecraft:black_terracotta":1,"minecraft:cooked_porkchop":1,"minecraft:sand":55,"minecraft:nether_brick_stairs":4,"minecraft:dead_bush":2,"minecraft:cyan_bed":6,"minecraft:diamond_block":3,"minecraft:dark_prismarine":6,"travelersbackpack:white_sleeping_bag":1,"minecraft:light_gray_concrete":3,"minecraft:black_concrete":2,"minecraft:diamond":2,"minecraft:spruce_boat":11,"minecraft:crossbow":1,"minecraft:bone_meal":6,"minecraft:golden_apple":18,"minecraft:spruce_sign":4,"minecraft:emerald":159,"minecraft:netherrack":395,"minecraft:charcoal":8,"minecraft:wooden_pickaxe":3,"minecraft:gold_block":1,"minecraft:shield":11,"minecraft:iron_axe":15,"minecraft:item_frame":2,"minecraft:cyan_carpet":9,"minecraft:blackstone":1,"minecraft:blue_orchid":13,"minecraft:dark_prismarine_stairs":1,"minecraft:oak_boat":1,"minecraft:player_head":3,"minecraft:light_gray_wool":2,"minecraft:lectern":2,"minecraft:sugar_cane":2,"minecraft:phantom_membrane":1,"minecraft:spruce_trapdoor":7,"minecraft:raw_iron":294,"minecraft:stripped_crimson_hyphae":2,"minecraft:stripped_mangrove_wood":4,"minecraft:copper_ingot":9,"betternether:wall_mushroom_red":1,"minecraft:cookie":5,"minecraft:stone_pressure_plate":1,"minecraft:dark_oak_planks":7,"minecraft:arrow":304,"minecraft:pumpkin_pie":48,"minecraft:nether_bricks":97,"alexscaves:spelunkery_table":3,"minecraft:black_banner":4,"minecraft:saddle":5,"minecraft:glistering_melon_slice":16,"minecraft:brick_stairs":2,"minecraft:netherite_boots":2,"minecraft:basalt":6,"minecraft:leather":22,"betternether:wall_mushroom_brown":3,"minecraft:mushroom_stew":4,"minecraft:gunpowder":14,"minecraft:orange_terracotta":24,"minecraft:red_carpet":14,"minecraft:gray_carpet":1,"minecraft:iron_ingot":619,"betternether:barrel_cactus":1,"minecraft:book":463,"betterend:golden_hammer":2,"minecraft:emerald_block":1,"minecraft:pumpkin":378,"minecraft:quartz":1,"minecraft:amethyst_shard":8,"minecraft:blast_furnace":9,"minecraft:green_carpet":1,"minecraft:spruce_door":1,"minecraft:spider_eye":2,"minecraft:brick_slab":8,"minecraft:iron_helmet":18,"minecraft:waxed_oxidized_cut_copper_slab":1,"minecraft:terracotta":20,"minecraft:coal":102}},"DataVersion":3465}