{"stats":{"minecraft:killed_by":{"minecraft:creeper":1,"minecraft:pillager":8,"minecraft:zombie":13,"minecraft:spider":1,"minecraft:enderman":1,"minecraft:skeleton":11},"minecraft:crafted":{"minecraft:barrel":3,"travelersbackpack:crafting_upgrade":1,"travelersbackpack:hose_nozzle":1,"travelersbackpack:diamond":1,"minecraft:glass":30,"minecraft:iron_boots":1,"minecraft:chest":10,"travelersbackpack:iron_tier_upgrade":1,"minecraft:crafting_table":6,"minecraft:spruce_planks":236,"travelersbackpack:standard":6,"minecraft:wooden_pickaxe":1,"minecraft:iron_helmet":2,"minecraft:spruce_door":3,"minecraft:copper_ingot":2,"minecraft:birch_planks":24,"minecraft:iron_chestplate":3,"minecraft:charcoal":1,"minecraft:shield":3,"minecraft:stick":96,"minecraft:iron_ingot":31,"minecraft:iron_pickaxe":2,"minecraft:iron_block":6,"minecraft:stone_sword":1,"minecraft:shears":1,"minecraft:stone_shovel":1,"minecraft:spyglass":1,"minecraft:furnace":4,"travelersbackpack:blank_upgrade":4,"travelersbackpack:gold_tier_upgrade":1,"travelersbackpack:white_sleeping_bag":1,"minecraft:iron_axe":3,"minecraft:spruce_slab":18,"minecraft:stone_pickaxe":2,"minecraft:spruce_boat":1,"travelersbackpack:diamond_tier_upgrade":1,"minecraft:wheat":198,"minecraft:cooked_beef":2,"travelersbackpack:backpack_tank":5,"minecraft:iron_sword":3,"minecraft:red_bed":2,"minecraft:stone_axe":1,"minecraft:bread":66,"minecraft:air":0,"minecraft:iron_shovel":2,"minecraft:iron_leggings":1,"minecraft:anvil":2,"minecraft:torch":116},"minecraft:picked_up":{"minecraft:birch_door":1,"minecraft:iron_chestplate":10,"minecraft:wheat":1,"minecraft:anvil":1,"minecraft:smithing_table":3,"minecraft:oak_stairs":1,"minecraft:potion":17,"minecraft:polished_deepslate_wall":6,"minecraft:amethyst_block":24,"minecraft:string":5,"minecraft:dark_oak_trapdoor":3,"minecraft:raw_copper":27,"minecraft:smooth_stone_slab":8,"minecraft:iron_leggings":15,"minecraft:red_candle":9,"minecraft:cobbled_deepslate":110,"minecraft:bucket":2,"minecraft:spruce_planks":235,"minecraft:rose_bush":4,"minecraft:redstone_torch":4,"minecraft:calcite":43,"minecraft:iron_pickaxe":18,"minecraft:furnace":25,"minecraft:smooth_quartz_stairs":2,"minecraft:iron_boots":14,"minecraft:golden_helmet":5,"minecraft:stick":1051,"minecraft:polished_deepslate_stairs":1,"minecraft:oak_fence":1,"minecraft:torch":802,"minecraft:spruce_stairs":4,"minecraft:porkchop":18,"minecraft:diorite":10,"minecraft:cauldron":9,"minecraft:brown_carpet":3,"minecraft:stone_sword":9,"minecraft:rotten_flesh":130,"minecraft:stripped_birch_wood":6,"minecraft:obsidian":7,"minecraft:snowball":49,"minecraft:cobblestone":204,"minecraft:leather_chestplate":9,"minecraft:cooked_beef":3,"minecraft:warped_fungus_on_a_stick":6,"minecraft:water_bucket":27,"minecraft:andesite":5,"minecraft:mud_brick_stairs":4,"minecraft:flint":1,"minecraft:lapis_lazuli":100,"minecraft:dirt":79,"minecraft:lantern":1,"minecraft:purple_carpet":1,"minecraft:name_tag":1,"minecraft:leather_boots":2,"minecraft:bone":107,"minecraft:bow":13,"minecraft:wheat_seeds":6,"minecraft:raw_gold":112,"minecraft:dark_oak_sign":6,"minecraft:cyan_candle":5,"minecraft:oak_planks":5,"minecraft:cooked_porkchop":1,"minecraft:sand":52,"minecraft:dead_bush":2,"minecraft:cyan_bed":5,"minecraft:fermented_spider_eye":3,"minecraft:barrel":36,"travelersbackpack:white_sleeping_bag":1,"minecraft:diamond":2,"minecraft:spruce_boat":11,"minecraft:lever":1,"minecraft:writable_book":4,"minecraft:granite":8,"minecraft:golden_apple":4,"minecraft:emerald":152,"minecraft:spruce_sign":3,"minecraft:chainmail_helmet":1,"minecraft:bread":769,"minecraft:bricks":23,"minecraft:diamond_pickaxe":11,"minecraft:coarse_dirt":1,"minecraft:crafting_table":34,"minecraft:wooden_pickaxe":3,"minecraft:shield":10,"minecraft:red_bed":4,"minecraft:iron_axe":14,"minecraft:item_frame":2,"minecraft:iron_shovel":7,"minecraft:cyan_carpet":1,"minecraft:blue_orchid":8,"minecraft:beef":22,"minecraft:player_head":2,"minecraft:iron_nugget":42,"minecraft:spruce_slab":14,"minecraft:light_gray_wool":2,"minecraft:lectern":2,"minecraft:chest":17,"minecraft:spruce_trapdoor":7,"minecraft:phantom_membrane":1,"minecraft:egg":1,"minecraft:raw_iron":294,"minecraft:stripped_mangrove_wood":4,"minecraft:copper_ingot":9,"minecraft:spruce_fence":1,"minecraft:fire_charge":51,"minecraft:cake":14,"minecraft:cookie":5,"minecraft:carrot":40,"minecraft:stone_pressure_plate":1,"minecraft:dark_oak_planks":7,"minecraft:tnt":58,"minecraft:arrow":147,"minecraft:stone_shovel":5,"minecraft:pumpkin_pie":48,"minecraft:hay_block":40,"minecraft:black_banner":2,"minecraft:saddle":3,"minecraft:glistering_melon_slice":13,"minecraft:gold_ingot":391,"minecraft:mutton":14,"minecraft:white_wool":7,"minecraft:emerald_ore":6,"minecraft:mud_bricks":8,"minecraft:tripwire_hook":5,"minecraft:leather":22,"minecraft:packed_mud":2,"minecraft:mushroom_stew":4,"minecraft:oak_log":6,"minecraft:gunpowder":3,"minecraft:orange_terracotta":18,"minecraft:red_carpet":14,"minecraft:apple":23,"minecraft:gray_carpet":1,"minecraft:kelp":16,"minecraft:iron_ingot":614,"minecraft:stone_pickaxe":5,"minecraft:cobweb":2,"minecraft:glass_bottle":2,"minecraft:iron_sword":17,"minecraft:dark_oak_stairs":16,"minecraft:book":451,"betterend:golden_hammer":2,"minecraft:dark_oak_slab":8,"minecraft:smooth_basalt":3,"minecraft:pumpkin":378,"minecraft:sweet_berries":369,"minecraft:red_wool":6,"minecraft:gravel":3,"minecraft:amethyst_shard":8,"minecraft:spruce_sapling":95,"minecraft:blast_furnace":7,"minecraft:spruce_log":1177,"minecraft:green_carpet":1,"minecraft:spruce_door":1,"minecraft:spider_eye":2,"minecraft:brick_slab":8,"travelersbackpack:standard":5,"minecraft:stone_axe":4,"minecraft:light_blue_carpet":1,"minecraft:iron_helmet":18,"minecraft:painting":1,"minecraft:terracotta":20,"minecraft:coal":76},"minecraft:mined":{"minecraft:dark_oak_planks":5,"minecraft:spruce_planks":38,"minecraft:spruce_trapdoor":3,"minecraft:granite":1,"minecraft:grass_block":9,"minecraft:mud_bricks":6,"minecraft:spawner":80,"minecraft:tall_seagrass":1,"minecraft:dark_oak_trapdoor":3,"minecraft:iron_ore":58,"minecraft:cobbled_deepslate":2,"minecraft:barrel":1,"minecraft:pumpkin":44,"minecraft:anvil":1,"minecraft:dark_oak_stairs":12,"minecraft:red_tulip":1,"minecraft:oak_stairs":1,"minecraft:green_carpet":1,"minecraft:stripped_mangrove_wood":4,"minecraft:spruce_slab":8,"minecraft:red_bed":1,"minecraft:polished_deepslate_stairs":1,"minecraft:orange_terracotta":18,"minecraft:torch":5,"minecraft:blast_furnace":4,"minecraft:calcite":37,"minecraft:mud_brick_stairs":2,"minecraft:chest":4,"minecraft:cobblestone":5,"minecraft:cyan_bed":5,"minecraft:oak_planks":5,"minecraft:bricks":23,"minecraft:wall_torch":7,"minecraft:amethyst_block":12,"minecraft:red_candle":1,"minecraft:dark_oak_slab":3,"minecraft:birch_door":1,"minecraft:smooth_stone_slab":6,"minecraft:grass":9,"minecraft:sand":48,"minecraft:dirt":9,"minecraft:stripped_birch_wood":6,"minecraft:smooth_basalt":3,"minecraft:polished_deepslate_wall":6,"minecraft:oak_leaves":2,"minecraft:cyan_candle":1,"minecraft:deepslate":12,"minecraft:emerald_block":1,"minecraft:red_carpet":1,"minecraft:cyan_stained_glass":9,"minecraft:black_banner":1,"minecraft:spruce_fence":1,"travelersbackpack:white_sleeping_bag":1,"minecraft:spruce_leaves":11,"minecraft:hay_block":22,"minecraft:furnace":4,"minecraft:spruce_sapling":1,"minecraft:packed_mud":1,"minecraft:andesite":5,"minecraft:bookshelf":79,"minecraft:deepslate_iron_ore":1,"minecraft:smooth_quartz_stairs":2,"minecraft:stone":52,"minecraft:cake":1,"minecraft:redstone_wall_torch":1,"minecraft:smithing_table":1,"minecraft:red_wool":6,"minecraft:spruce_door":1,"travelersbackpack:standard":3,"minecraft:crafting_table":15,"minecraft:emerald_ore":3,"minecraft:rose_bush":6,"minecraft:tall_grass":20,"minecraft:copper_ore":5,"minecraft:lapis_ore":2,"minecraft:deepslate_gold_ore":13,"minecraft:diorite":9,"minecraft:spruce_stairs":3,"minecraft:purple_bed":1,"minecraft:coarse_dirt":1,"minecraft:brick_slab":8,"minecraft:sweet_berry_bush":35,"minecraft:spruce_log":52,"minecraft:birch_leaves":2,"minecraft:coal_ore":26,"minecraft:cyan_carpet":1,"minecraft:gravel":3,"minecraft:gray_carpet":1,"minecraft:cobweb":4,"minecraft:terracotta":20,"minecraft:gold_ore":2,"minecraft:fern":1},"minecraft:dropped":{"minecraft:dark_oak_stairs":4,"minecraft:stripped_mangrove_wood":2,"minecraft:oak_log":2,"minecraft:glass_bottle":2,"minecraft:diamond":1,"minecraft:crafting_table":2,"minecraft:dark_oak_slab":4,"minecraft:warped_fungus_on_a_stick":2,"travelersbackpack:standard":1,"minecraft:red_carpet":13,"minecraft:flint":1,"minecraft:emerald":15,"minecraft:dirt":21,"minecraft:red_bed":2,"minecraft:mutton":2,"minecraft:dark_oak_trapdoor":1,"minecraft:snowball":47,"minecraft:amethyst_shard":2,"minecraft:glistering_melon_slice":3,"minecraft:dark_oak_planks":5,"minecraft:white_wool":4,"minecraft:cauldron":3,"minecraft:bone":20,"minecraft:iron_nugget":42,"minecraft:cobbled_deepslate":47,"minecraft:rotten_flesh":62,"minecraft:leather_chestplate":3,"minecraft:gunpowder":3,"minecraft:chest":5,"minecraft:painting":1,"minecraft:arrow":16,"minecraft:purple_carpet":1,"minecraft:lectern":1,"minecraft:water_bucket":2,"minecraft:iron_ingot":36,"minecraft:wheat_seeds":4,"minecraft:golden_helmet":1,"minecraft:oak_fence":1,"minecraft:iron_helmet":4,"minecraft:cobblestone":88,"minecraft:granite":4,"minecraft:golden_apple":1,"minecraft:stick":2,"minecraft:cobweb":1,"minecraft:torch":51,"minecraft:rose_bush":4,"minecraft:fire_charge":13,"minecraft:potion":12,"minecraft:dead_bush":2,"minecraft:iron_leggings":1,"minecraft:iron_axe":1,"minecraft:string":3,"minecraft:bucket":2,"minecraft:spruce_sapling":26,"minecraft:smooth_basalt":3,"minecraft:furnace":6,"minecraft:kelp":8,"minecraft:player_head":1,"minecraft:stone_sword":2,"minecraft:raw_iron":1,"minecraft:light_gray_wool":1,"minecraft:iron_boots":2,"minecraft:shield":2,"minecraft:spruce_trapdoor":2,"minecraft:diamond_pickaxe":4,"minecraft:light_blue_carpet":1,"minecraft:cake":5,"minecraft:spider_eye":2,"minecraft:barrel":12,"minecraft:brown_carpet":3,"minecraft:blue_orchid":4,"minecraft:bow":1,"minecraft:wooden_pickaxe":1,"minecraft:calcite":4},"minecraft:killed":{"minecraft:skeleton":108,"minecraft:pig":2,"minecraft:zombie_villager":1,"minecraft:creeper":1,"minecraft:sheep":5,"minecraft:pillager":16,"minecraft:zombie":38,"minecraft:cow":10,"minecraft:horse":10,"minecraft:husk":6,"minecraft:frog":2},"minecraft:broken":{"minecraft:iron_boots":1,"minecraft:iron_chestplate":1,"minecraft:iron_leggings":2,"minecraft:stone_pickaxe":1,"minecraft:iron_sword":2,"minecraft:iron_axe":1,"minecraft:iron_helmet":1},"minecraft:custom":{"minecraft:interact_with_crafting_table":76,"minecraft:open_barrel":253,"minecraft:eat_cake_slice":15,"minecraft:leave_game":6,"minecraft:time_since_death":133611,"minecraft:damage_resisted":237523,"minecraft:sprint_one_cm":921940,"minecraft:damage_blocked_by_shield":6498,"minecraft:drop":160,"minecraft:play_noteblock":8,"minecraft:talked_to_villager":19,"minecraft:play_time":369349,"minecraft:deaths":37,"minecraft:jump":5977,"minecraft:interact_with_brewingstand":2,"minecraft:walk_on_water_one_cm":53926,"minecraft:interact_with_furnace":52,"minecraft:sleep_in_bed":8,"minecraft:damage_dealt":44474,"minecraft:crouch_one_cm":25293,"minecraft:interact_with_smoker":1,"minecraft:inspect_dispenser":2,"minecraft:interact_with_smithing_table":9,"minecraft:mob_kills":240,"minecraft:climb_one_cm":25960,"minecraft:walk_one_cm":976814,"minecraft:sneak_time":8177,"minecraft:walk_under_water_one_cm":41732,"minecraft:boat_one_cm":71955,"minecraft:interact_with_lectern":1,"minecraft:interact_with_blast_furnace":9,"minecraft:total_world_time":369349,"minecraft:tune_noteblock":2,"minecraft:time_since_rest":64929,"minecraft:damage_taken":11452,"minecraft:swim_one_cm":83054,"minecraft:fly_one_cm":1238755,"minecraft:open_chest":286,"minecraft:fall_one_cm":204698},"minecraft:used":{"minecraft:writable_book":1,"minecraft:iron_shovel":59,"minecraft:spruce_slab":6,"minecraft:chest":10,"minecraft:shield":38,"minecraft:iron_sword":898,"travelersbackpack:diamond":1,"minecraft:rotten_flesh":6,"minecraft:iron_chestplate":2,"minecraft:brick_slab":7,"minecraft:snowball":2,"minecraft:spruce_boat":5,"minecraft:bricks":23,"minecraft:iron_helmet":3,"minecraft:dark_oak_slab":2,"minecraft:red_carpet":1,"minecraft:sweet_berries":10,"minecraft:furnace":6,"minecraft:egg":1,"minecraft:dark_oak_stairs":7,"minecraft:diorite":2,"minecraft:spruce_door":1,"minecraft:warped_fungus_on_a_stick":27,"minecraft:stone_pickaxe":153,"minecraft:gray_carpet":1,"minecraft:oak_planks":1,"minecraft:wooden_pickaxe":6,"minecraft:leather_chestplate":2,"minecraft:chainmail_helmet":1,"minecraft:cookie":1,"minecraft:golden_apple":1,"minecraft:stripped_mangrove_wood":2,"minecraft:dark_oak_trapdoor":1,"minecraft:sand":4,"minecraft:blast_furnace":4,"minecraft:redstone_torch":1,"minecraft:lever":1,"minecraft:bread":41,"minecraft:cyan_bed":5,"minecraft:string":1,"minecraft:cyan_carpet":1,"minecraft:gravel":2,"minecraft:smithing_table":1,"minecraft:andesite":2,"minecraft:coarse_dirt":1,"minecraft:cobweb":1,"minecraft:stone_sword":36,"minecraft:stone_shovel":5,"minecraft:spruce_planks":42,"minecraft:cooked_chicken":3,"minecraft:torch":166,"minecraft:dirt":12,"minecraft:spyglass":8,"minecraft:anvil":3,"minecraft:spruce_stairs":2,"minecraft:dark_oak_planks":1,"minecraft:oak_stairs":1,"minecraft:iron_axe":252,"minecraft:iron_boots":2,"minecraft:barrel":5,"minecraft:cooked_beef":1,"minecraft:orange_terracotta":2,"minecraft:cobbled_deepslate":12,"minecraft:iron_leggings":2,"minecraft:calcite":32,"minecraft:water_bucket":101,"minecraft:birch_planks":10,"minecraft:cyan_candle":1,"minecraft:terracotta":20,"minecraft:tnt":1,"minecraft:crafting_table":18,"minecraft:red_bed":2,"minecraft:cake":2,"minecraft:spruce_log":2,"minecraft:diamond_pickaxe":40,"minecraft:iron_pickaxe":253,"travelersbackpack:white_sleeping_bag":1,"minecraft:spruce_trapdoor":2,"minecraft:spruce_sapling":17,"minecraft:stone_axe":86,"minecraft:green_carpet":1,"minecraft:cobblestone":10,"travelersbackpack:standard":7,"minecraft:bucket":117,"minecraft:pumpkin_pie":1}},"DataVersion":3465}