{"stats":{"minecraft:crafted":{"minecraft:barrel":3,"travelersbackpack:crafting_upgrade":1,"travelersbackpack:hose_nozzle":1,"travelersbackpack:diamond":1,"minecraft:green_dye":4,"minecraft:glass":30,"minecraft:iron_boots":1,"minecraft:chest":10,"travelersbackpack:iron_tier_upgrade":1,"minecraft:crafting_table":6,"minecraft:spruce_planks":236,"minecraft:iron_helmet":2,"travelersbackpack:standard":6,"minecraft:wooden_pickaxe":1,"minecraft:spruce_door":3,"minecraft:copper_ingot":2,"minecraft:gold_block":4,"minecraft:birch_planks":24,"minecraft:diamond_pickaxe":1,"minecraft:iron_chestplate":3,"minecraft:charcoal":1,"minecraft:shield":3,"minecraft:stick":96,"minecraft:iron_ingot":31,"minecraft:iron_pickaxe":3,"minecraft:iron_block":6,"minecraft:stone_sword":1,"minecraft:shears":1,"minecraft:stone_shovel":1,"minecraft:spyglass":1,"minecraft:furnace":4,"travelersbackpack:blank_upgrade":4,"travelersbackpack:gold_tier_upgrade":1,"minecraft:flint_and_steel":1,"travelersbackpack:white_sleeping_bag":1,"minecraft:iron_axe":4,"minecraft:spruce_slab":18,"minecraft:stone_pickaxe":2,"minecraft:spruce_boat":1,"travelersbackpack:diamond_tier_upgrade":1,"minecraft:wheat":198,"travelersbackpack:hose":1,"minecraft:cooked_beef":2,"travelersbackpack:backpack_tank":5,"minecraft:iron_sword":4,"minecraft:red_bed":2,"minecraft:stone_axe":1,"minecraft:bread":66,"minecraft:air":0,"minecraft:iron_shovel":3,"minecraft:iron_leggings":1,"minecraft:anvil":2,"minecraft:torch":116},"minecraft:killed":{"betternether:firefly":1,"minecraft:skeleton":118,"betternether:hydrogen_jellyfish":2,"minecraft:pig":2,"minecraft:zombie_villager":1,"minecraft:creeper":1,"minecraft:sheep":5,"minecraft:pillager":21,"minecraft:zombie":40,"minecraft:cow":10,"minecraft:blaze":4,"minecraft:horse":10,"betternether:naga":6,"minecraft:husk":6,"minecraft:frog":4,"minecraft:wither_skeleton":1},"minecraft:dropped":{"minecraft:spruce_sign":1,"betternether:wall_mushroom_red":1,"minecraft:dark_oak_stairs":4,"minecraft:stripped_mangrove_wood":2,"minecraft:oak_log":2,"minecraft:glass_bottle":2,"minecraft:diamond":1,"minecraft:crafting_table":2,"minecraft:dark_oak_slab":6,"minecraft:warped_fungus_on_a_stick":2,"minecraft:warped_roots":3,"travelersbackpack:standard":1,"minecraft:red_carpet":13,"betternether:black_bush":2,"minecraft:flint":1,"minecraft:emerald":15,"minecraft:dirt":32,"minecraft:red_bed":2,"minecraft:mutton":2,"minecraft:dark_oak_trapdoor":1,"betternether:wall_mushroom_brown":3,"minecraft:snowball":47,"alexscaves:cave_map":2,"minecraft:gold_nugget":14,"minecraft:amethyst_shard":2,"betternether:agave":1,"minecraft:bone_meal":6,"minecraft:bone_block":3,"minecraft:sand":3,"minecraft:glistering_melon_slice":3,"minecraft:black_concrete":2,"minecraft:dark_oak_planks":5,"minecraft:white_wool":4,"betternether:wall_moss":2,"minecraft:cauldron":3,"minecraft:bone":29,"betternether:jungle_moss":1,"minecraft:iron_nugget":42,"minecraft:cooked_chicken":5,"minecraft:cobbled_deepslate":47,"minecraft:rotten_flesh":62,"minecraft:oak_planks":1,"minecraft:glowstone_dust":1,"minecraft:nether_brick_fence":4,"betternether:netherrack_stalactite":22,"minecraft:leather_chestplate":3,"minecraft:gunpowder":4,"minecraft:brick_stairs":2,"betternether:glowstone_pile":27,"minecraft:chest":5,"minecraft:painting":1,"minecraft:arrow":27,"minecraft:quartz":1,"minecraft:netherrack":64,"minecraft:lectern":1,"minecraft:purple_carpet":1,"minecraft:water_bucket":2,"minecraft:iron_ingot":36,"minecraft:wheat_seeds":4,"minecraft:golden_helmet":1,"minecraft:golden_horse_armor":1,"minecraft:yellow_concrete":3,"minecraft:lead":1,"minecraft:yellow_terracotta":6,"minecraft:oak_fence":1,"minecraft:iron_helmet":4,"minecraft:cobblestone":99,"minecraft:book":1,"minecraft:granite":4,"betternether:bone_mushroom":5,"minecraft:golden_apple":1,"minecraft:coal":1,"minecraft:stick":2,"minecraft:cobweb":1,"minecraft:torch":51,"minecraft:rose_bush":5,"minecraft:fire_charge":13,"minecraft:potion":12,"minecraft:iron_leggings":1,"minecraft:dead_bush":2,"minecraft:oak_stairs":1,"betternether:wart_log":1,"minecraft:iron_axe":1,"minecraft:paper":29,"minecraft:string":6,"minecraft:bucket":2,"minecraft:spruce_sapling":26,"minecraft:smooth_basalt":3,"minecraft:bricks":16,"minecraft:furnace":6,"minecraft:kelp":8,"minecraft:soul_soil":4,"minecraft:player_head":1,"minecraft:stone_sword":2,"minecraft:raw_iron":1,"betternether:golden_lumabus_seed":22,"minecraft:light_gray_wool":1,"minecraft:iron_boots":2,"alexscaves:cave_codex":2,"betternether:cincinnasite":4,"minecraft:nether_bricks":3,"minecraft:red_terracotta":3,"betternether:stalagnate_stem":1,"betternether:lapis_pile":17,"minecraft:shield":2,"minecraft:orange_terracotta":6,"minecraft:spruce_trapdoor":2,"minecraft:diamond_pickaxe":4,"minecraft:andesite":4,"minecraft:cake":5,"minecraft:light_blue_carpet":1,"minecraft:spider_eye":2,"minecraft:barrel":12,"minecraft:brown_carpet":3,"minecraft:slime_ball":2,"minecraft:stripped_crimson_hyphae":2,"minecraft:bow":1,"minecraft:blue_orchid":9,"minecraft:wooden_pickaxe":1,"minecraft:calcite":4},"minecraft:broken":{"minecraft:iron_boots":1,"minecraft:iron_chestplate":1,"minecraft:iron_leggings":2,"minecraft:stone_pickaxe":1,"minecraft:iron_sword":2,"minecraft:iron_axe":1,"minecraft:iron_pickaxe":2,"minecraft:iron_helmet":1},"minecraft:used":{"minecraft:nether_brick_fence":1,"minecraft:writable_book":1,"minecraft:iron_shovel":98,"minecraft:spruce_slab":6,"minecraft:chest":10,"minecraft:shield":38,"minecraft:iron_sword":1050,"travelersbackpack:diamond":1,"minecraft:rotten_flesh":6,"minecraft:iron_chestplate":2,"minecraft:brick_slab":7,"minecraft:nether_bricks":4,"minecraft:obsidian":10,"minecraft:snowball":2,"minecraft:spruce_boat":5,"minecraft:bricks":27,"minecraft:iron_helmet":3,"minecraft:dark_oak_slab":2,"minecraft:red_carpet":1,"minecraft:bow":2,"minecraft:sweet_berries":10,"minecraft:furnace":6,"minecraft:gold_block":4,"minecraft:egg":1,"minecraft:dark_oak_stairs":7,"minecraft:diamond_boots":1,"minecraft:diorite":2,"minecraft:spruce_door":1,"minecraft:warped_fungus_on_a_stick":27,"minecraft:stone_pickaxe":153,"minecraft:gray_carpet":1,"minecraft:oak_planks":1,"minecraft:leather_chestplate":2,"minecraft:wooden_pickaxe":6,"minecraft:chainmail_helmet":1,"minecraft:cookie":1,"minecraft:golden_apple":1,"minecraft:stripped_mangrove_wood":2,"minecraft:dark_oak_trapdoor":1,"minecraft:sand":4,"minecraft:black_banner":3,"minecraft:blast_furnace":4,"minecraft:yellow_concrete":1,"minecraft:redstone_torch":1,"minecraft:lever":1,"minecraft:cyan_carpet":1,"minecraft:string":1,"minecraft:bread":63,"minecraft:cyan_bed":5,"betternether:soul_sandstone":1,"minecraft:gravel":5,"minecraft:andesite":2,"minecraft:smithing_table":1,"minecraft:cobweb":1,"minecraft:coarse_dirt":1,"minecraft:rose_bush":1,"betternether:netherrack_stalactite":6,"minecraft:stone_sword":36,"minecraft:flint_and_steel":1,"betternether:barrel_cactus":1,"minecraft:stone_shovel":5,"minecraft:spruce_planks":44,"minecraft:cooked_chicken":5,"minecraft:netherrack":298,"minecraft:torch":167,"minecraft:dirt":17,"minecraft:spyglass":20,"minecraft:anvil":3,"minecraft:spruce_stairs":2,"minecraft:diamond_helmet":1,"minecraft:dark_oak_planks":1,"minecraft:iron_axe":291,"minecraft:oak_stairs":2,"minecraft:iron_boots":2,"alexscaves:spelunkery_table":2,"minecraft:diamond_chestplate":1,"minecraft:barrel":5,"minecraft:basalt":6,"travelersbackpack:hose":16,"minecraft:orange_terracotta":2,"minecraft:cooked_beef":1,"minecraft:cobbled_deepslate":12,"minecraft:iron_leggings":2,"minecraft:calcite":32,"minecraft:water_bucket":119,"minecraft:birch_planks":10,"minecraft:cyan_candle":1,"minecraft:terracotta":20,"betternether:blue_obsidian":1,"minecraft:tnt":1,"minecraft:crafting_table":18,"minecraft:red_bed":2,"minecraft:cake":2,"minecraft:spruce_log":2,"minecraft:diamond_pickaxe":40,"minecraft:iron_pickaxe":794,"travelersbackpack:white_sleeping_bag":1,"minecraft:spruce_trapdoor":2,"minecraft:spruce_sapling":17,"minecraft:stone_axe":86,"minecraft:green_carpet":1,"travelersbackpack:standard":10,"minecraft:cobblestone":10,"minecraft:bucket":135,"minecraft:pumpkin_pie":1,"minecraft:diamond_leggings":1},"minecraft:killed_by":{"minecraft:creeper":1,"minecraft:pillager":8,"minecraft:zombie":13,"minecraft:spider":1,"minecraft:enderman":1,"minecraft:skeleton":11},"minecraft:mined":{"minecraft:dark_oak_planks":5,"minecraft:spruce_planks":52,"betternether:wart_roots":1,"minecraft:spruce_trapdoor":3,"minecraft:granite":1,"minecraft:stripped_crimson_hyphae":2,"minecraft:grass_block":11,"minecraft:soul_soil":4,"betternether:jungle_moss":1,"minecraft:mud_bricks":6,"betternether:cincinnasite_ore":1,"betternether:stalagnate_trunk":1,"minecraft:nether_wart":40,"minecraft:spawner":100,"minecraft:tall_seagrass":1,"minecraft:dark_oak_trapdoor":3,"minecraft:iron_ore":58,"minecraft:barrel":1,"minecraft:fire":1,"minecraft:cobbled_deepslate":2,"minecraft:pumpkin":44,"minecraft:anvil":1,"minecraft:dark_oak_stairs":20,"minecraft:red_tulip":1,"minecraft:oak_stairs":3,"minecraft:green_carpet":1,"minecraft:stripped_mangrove_wood":4,"betternether:black_vine":3,"minecraft:spruce_slab":8,"minecraft:player_head":1,"betternether:netherrack_stalactite":1,"betternether:eyeball":2,"minecraft:red_bed":2,"minecraft:polished_deepslate_stairs":1,"minecraft:soul_fire":1,"minecraft:orange_terracotta":24,"minecraft:torch":5,"minecraft:blast_furnace":4,"minecraft:calcite":37,"minecraft:mud_brick_stairs":2,"minecraft:chest":4,"minecraft:nether_quartz_ore":1,"minecraft:cobblestone":5,"minecraft:cyan_bed":6,"minecraft:oak_planks":6,"minecraft:bricks":42,"minecraft:wall_torch":7,"minecraft:amethyst_block":12,"betternether:soul_sandstone":1,"minecraft:red_candle":1,"minecraft:warped_nylium":24,"minecraft:dark_oak_slab":4,"betternether:soul_grass":2,"minecraft:birch_door":1,"betternether:egg_plant":3,"minecraft:smooth_stone_slab":6,"minecraft:grass":9,"minecraft:sand":48,"minecraft:dirt":25,"minecraft:stripped_birch_wood":6,"minecraft:smooth_basalt":3,"minecraft:netherrack":372,"minecraft:deepslate":12,"minecraft:polished_deepslate_wall":6,"minecraft:cyan_candle":1,"minecraft:oak_leaves":2,"minecraft:emerald_block":1,"minecraft:yellow_terracotta":3,"minecraft:nether_gold_ore":3,"alexscaves:spelunkery_table":1,"minecraft:red_carpet":1,"minecraft:cyan_stained_glass":9,"minecraft:nether_bricks":12,"minecraft:black_banner":1,"minecraft:spruce_fence":1,"travelersbackpack:white_sleeping_bag":1,"betternether:black_bush":2,"minecraft:spruce_leaves":11,"minecraft:hay_block":22,"minecraft:packed_mud":1,"minecraft:spruce_sapling":1,"minecraft:furnace":4,"minecraft:snow":1,"minecraft:andesite":20,"betternether:wall_mushroom_brown":1,"minecraft:black_concrete":2,"minecraft:nether_brick_fence":3,"betternether:wall_moss":1,"minecraft:bookshelf":83,"minecraft:deepslate_iron_ore":1,"betternether:nether_lapis_ore":4,"minecraft:smooth_quartz_stairs":2,"minecraft:stone":73,"minecraft:bone_block":3,"minecraft:redstone_wall_torch":1,"minecraft:cake":1,"minecraft:smithing_table":1,"betternether:netherrack_moss":1,"minecraft:red_wool":6,"minecraft:spruce_door":1,"travelersbackpack:standard":3,"minecraft:crafting_table":15,"minecraft:emerald_ore":3,"minecraft:rose_bush":7,"minecraft:copper_ore":5,"minecraft:tall_grass":20,"minecraft:lapis_ore":2,"minecraft:deepslate_gold_ore":13,"betternether:rubeus_leaves":1,"minecraft:diorite":14,"minecraft:spruce_stairs":5,"minecraft:purple_bed":1,"minecraft:red_terracotta":3,"minecraft:coarse_dirt":1,"minecraft:brick_slab":8,"betternether:jungle_plant":2,"minecraft:black_wall_banner":2,"minecraft:sweet_berry_bush":35,"minecraft:birch_leaves":2,"minecraft:spruce_log":52,"betternether:golden_lumabus_vine":1,"betternether:wall_mushroom_red":2,"minecraft:mangrove_slab":1,"minecraft:coal_ore":26,"minecraft:cyan_carpet":1,"minecraft:gravel":17,"minecraft:yellow_concrete":1,"minecraft:gray_carpet":1,"minecraft:cobweb":4,"minecraft:terracotta":20,"minecraft:polished_andesite":1,"minecraft:stone_bricks":4,"minecraft:gold_ore":2,"betternether:barrel_cactus":1,"minecraft:fern":1},"minecraft:custom":{"minecraft:interact_with_crafting_table":83,"minecraft:open_barrel":274,"minecraft:eat_cake_slice":15,"minecraft:leave_game":8,"minecraft:time_since_death":256324,"minecraft:damage_resisted":849569,"minecraft:sprint_one_cm":1208762,"minecraft:damage_blocked_by_shield":6498,"minecraft:drop":247,"minecraft:play_noteblock":8,"minecraft:talked_to_villager":20,"minecraft:play_time":492062,"minecraft:deaths":37,"minecraft:jump":7959,"minecraft:interact_with_brewingstand":2,"minecraft:walk_on_water_one_cm":80095,"minecraft:interact_with_furnace":59,"minecraft:interact_with_loom":10,"minecraft:sleep_in_bed":11,"minecraft:damage_dealt":51032,"minecraft:crouch_one_cm":45855,"minecraft:interact_with_smoker":1,"minecraft:inspect_dispenser":2,"minecraft:interact_with_smithing_table":9,"minecraft:interact_with_anvil":5,"minecraft:mob_kills":280,"minecraft:climb_one_cm":26687,"minecraft:walk_one_cm":1175995,"minecraft:sneak_time":14492,"minecraft:walk_under_water_one_cm":52955,"minecraft:boat_one_cm":147181,"minecraft:interact_with_lectern":1,"minecraft:interact_with_blast_furnace":13,"minecraft:total_world_time":492062,"minecraft:tune_noteblock":2,"minecraft:time_since_rest":7553,"minecraft:damage_taken":11959,"minecraft:swim_one_cm":113446,"minecraft:fly_one_cm":1615023,"minecraft:open_chest":415,"minecraft:fall_one_cm":300141},"minecraft:picked_up":{"minecraft:birch_door":1,"minecraft:iron_chestplate":10,"minecraft:wheat":1,"minecraft:nether_brick_fence":5,"minecraft:anvil":1,"minecraft:smithing_table":3,"minecraft:lead":1,"alexscaves:cave_tablet":15,"minecraft:oak_stairs":3,"betternether:lumabus_seed":6,"minecraft:potion":17,"betternether:agave":1,"minecraft:polished_deepslate_wall":6,"minecraft:amethyst_block":24,"betternether:stalagnate_stem":1,"minecraft:string":8,"minecraft:dark_oak_trapdoor":3,"minecraft:soul_soil":4,"minecraft:raw_copper":27,"minecraft:smooth_stone_slab":8,"minecraft:iron_leggings":15,"minecraft:red_candle":9,"betternether:golden_lumabus_seed":22,"minecraft:gold_nugget":14,"minecraft:cobbled_deepslate":110,"minecraft:bucket":2,"minecraft:spruce_planks":249,"minecraft:rose_bush":6,"minecraft:redstone_torch":4,"minecraft:calcite":43,"minecraft:iron_pickaxe":18,"minecraft:smooth_quartz_stairs":2,"minecraft:iron_boots":14,"minecraft:furnace":25,"minecraft:golden_helmet":5,"minecraft:stick":1051,"minecraft:polished_deepslate_stairs":1,"minecraft:oak_fence":1,"minecraft:torch":803,"minecraft:spruce_stairs":6,"minecraft:porkchop":18,"minecraft:diorite":14,"betternether:bone_mushroom":5,"betternether:cincinnasite":4,"minecraft:cauldron":9,"minecraft:brown_carpet":3,"betternether:lapis_pile":17,"minecraft:stone_sword":9,"minecraft:rotten_flesh":130,"minecraft:blaze_rod":1,"minecraft:stripped_birch_wood":6,"minecraft:obsidian":7,"minecraft:snowball":50,"minecraft:cobblestone":222,"minecraft:leather_chestplate":9,"betternether:glowstone_pile":27,"minecraft:cooked_beef":3,"minecraft:warped_fungus_on_a_stick":6,"betternether:jungle_moss":1,"minecraft:andesite":18,"minecraft:water_bucket":27,"minecraft:mud_brick_stairs":4,"minecraft:flint":5,"minecraft:lapis_lazuli":100,"minecraft:mangrove_slab":1,"minecraft:dirt":95,"minecraft:lantern":1,"minecraft:name_tag":1,"minecraft:purple_carpet":1,"minecraft:leather_boots":2,"minecraft:bone":128,"minecraft:bow":13,"minecraft:wheat_seeds":6,"minecraft:raw_gold":112,"minecraft:dark_oak_sign":6,"minecraft:cyan_candle":5,"minecraft:glowstone_dust":1,"minecraft:oak_planks":6,"minecraft:cooked_porkchop":1,"betternether:wall_moss":2,"minecraft:sand":55,"minecraft:cyan_bed":6,"minecraft:dead_bush":2,"minecraft:fermented_spider_eye":3,"minecraft:red_terracotta":3,"minecraft:barrel":36,"travelersbackpack:white_sleeping_bag":1,"minecraft:diamond":2,"minecraft:spruce_boat":11,"minecraft:black_concrete":2,"minecraft:lever":1,"minecraft:writable_book":4,"minecraft:granite":8,"minecraft:bone_meal":6,"minecraft:golden_apple":4,"minecraft:chainmail_helmet":1,"minecraft:golden_horse_armor":1,"minecraft:spruce_sign":4,"minecraft:emerald":152,"minecraft:bread":769,"minecraft:netherrack":395,"minecraft:bricks":43,"minecraft:diamond_pickaxe":11,"minecraft:crafting_table":34,"minecraft:coarse_dirt":1,"minecraft:nether_wart":42,"minecraft:wooden_pickaxe":3,"minecraft:shield":10,"minecraft:red_bed":5,"minecraft:iron_axe":14,"minecraft:item_frame":2,"minecraft:iron_shovel":7,"minecraft:cyan_carpet":1,"minecraft:blue_orchid":13,"minecraft:beef":22,"minecraft:oak_boat":1,"minecraft:player_head":3,"minecraft:iron_nugget":42,"minecraft:light_gray_wool":2,"minecraft:spruce_slab":14,"minecraft:lectern":2,"betternether:netherrack_stalactite":28,"minecraft:chest":17,"minecraft:spruce_trapdoor":7,"minecraft:phantom_membrane":1,"minecraft:egg":1,"minecraft:stripped_crimson_hyphae":2,"minecraft:raw_iron":294,"minecraft:stripped_mangrove_wood":4,"betternether:wall_mushroom_red":1,"minecraft:copper_ingot":9,"betternether:soul_sandstone":1,"minecraft:spruce_fence":1,"minecraft:fire_charge":51,"minecraft:cake":14,"minecraft:cookie":5,"minecraft:mangrove_sign":1,"minecraft:carrot":40,"minecraft:stone_pressure_plate":1,"minecraft:dark_oak_planks":7,"minecraft:tnt":58,"minecraft:arrow":162,"minecraft:stone_shovel":5,"minecraft:pumpkin_pie":48,"minecraft:nether_bricks":17,"alexscaves:spelunkery_table":2,"minecraft:hay_block":40,"minecraft:yellow_terracotta":6,"minecraft:gold_ingot":394,"minecraft:saddle":3,"minecraft:glistering_melon_slice":13,"minecraft:black_banner":4,"minecraft:brick_stairs":2,"minecraft:mutton":14,"minecraft:emerald_ore":6,"minecraft:white_wool":7,"minecraft:bone_block":3,"minecraft:mud_bricks":8,"minecraft:basalt":6,"minecraft:tripwire_hook":5,"minecraft:leather":22,"betternether:wall_mushroom_brown":3,"betternether:wart_log":1,"minecraft:packed_mud":2,"minecraft:mushroom_stew":4,"minecraft:oak_log":6,"minecraft:gunpowder":4,"minecraft:paper":32,"minecraft:orange_terracotta":24,"minecraft:red_carpet":14,"minecraft:stone_bricks":1,"minecraft:apple":23,"minecraft:gray_carpet":1,"minecraft:kelp":16,"minecraft:iron_ingot":614,"minecraft:stone_pickaxe":5,"minecraft:cobweb":2,"betternether:barrel_cactus":1,"minecraft:glass_bottle":2,"minecraft:iron_sword":17,"minecraft:dark_oak_stairs":24,"minecraft:book":463,"betterend:golden_hammer":2,"minecraft:smooth_basalt":3,"minecraft:dark_oak_slab":10,"betternether:black_bush":2,"minecraft:pumpkin":378,"minecraft:sweet_berries":369,"minecraft:yellow_concrete":4,"minecraft:red_wool":6,"minecraft:quartz":1,"minecraft:gravel":13,"minecraft:amethyst_shard":8,"minecraft:spruce_sapling":95,"minecraft:blast_furnace":7,"minecraft:spruce_log":1177,"minecraft:green_carpet":1,"minecraft:spider_eye":2,"minecraft:spruce_door":1,"minecraft:brick_slab":8,"travelersbackpack:standard":5,"minecraft:slime_ball":2,"minecraft:stone_axe":4,"minecraft:light_blue_carpet":1,"minecraft:iron_helmet":18,"minecraft:painting":1,"minecraft:warped_roots":3,"alexscaves:cave_map":2,"minecraft:terracotta":20,"minecraft:coal":77}},"DataVersion":3465}