{"stats":{"minecraft:killed_by":{"minecraft:creeper":1,"minecraft:zombie":13,"minecraft:spider":1,"minecraft:enderman":1,"minecraft:skeleton":11},"minecraft:crafted":{"minecraft:glass":12,"minecraft:iron_boots":1,"minecraft:chest":3,"minecraft:crafting_table":2,"minecraft:spruce_planks":144,"travelersbackpack:standard":1,"minecraft:wooden_pickaxe":1,"minecraft:iron_helmet":2,"minecraft:spruce_door":3,"minecraft:iron_chestplate":2,"minecraft:charcoal":1,"minecraft:shield":2,"minecraft:stick":68,"minecraft:iron_ingot":31,"minecraft:iron_pickaxe":1,"minecraft:stone_sword":1,"minecraft:shears":1,"minecraft:stone_shovel":1,"minecraft:furnace":4,"travelersbackpack:white_sleeping_bag":1,"minecraft:iron_axe":1,"minecraft:stone_pickaxe":2,"minecraft:spruce_boat":1,"minecraft:wheat":198,"travelersbackpack:backpack_tank":2,"minecraft:iron_sword":1,"minecraft:red_bed":2,"minecraft:stone_axe":1,"minecraft:bread":66,"minecraft:air":0,"minecraft:iron_shovel":2,"minecraft:iron_leggings":1,"minecraft:torch":116},"minecraft:picked_up":{"minecraft:iron_chestplate":7,"minecraft:wheat":1,"minecraft:smithing_table":3,"minecraft:potion":16,"minecraft:amethyst_block":24,"minecraft:string":4,"minecraft:dark_oak_trapdoor":2,"minecraft:raw_copper":18,"minecraft:iron_leggings":9,"minecraft:red_candle":9,"minecraft:cobbled_deepslate":110,"minecraft:bucket":2,"minecraft:spruce_planks":180,"minecraft:redstone_torch":4,"minecraft:calcite":27,"minecraft:iron_pickaxe":15,"minecraft:smooth_quartz_stairs":2,"minecraft:furnace":25,"minecraft:iron_boots":8,"minecraft:golden_helmet":3,"minecraft:stick":665,"minecraft:oak_fence":1,"minecraft:torch":620,"minecraft:spruce_stairs":2,"minecraft:porkchop":8,"minecraft:diorite":5,"minecraft:cauldron":9,"minecraft:stone_sword":9,"minecraft:rotten_flesh":119,"minecraft:snowball":49,"minecraft:cobblestone":200,"minecraft:leather_chestplate":8,"minecraft:cooked_beef":3,"minecraft:warped_fungus_on_a_stick":6,"minecraft:water_bucket":22,"minecraft:andesite":2,"minecraft:mud_brick_stairs":4,"minecraft:flint":1,"minecraft:lapis_lazuli":100,"minecraft:dirt":76,"minecraft:name_tag":1,"minecraft:leather_boots":2,"minecraft:bone":12,"minecraft:bow":1,"minecraft:wheat_seeds":6,"minecraft:raw_gold":112,"minecraft:dark_oak_sign":6,"minecraft:cyan_candle":3,"minecraft:oak_planks":1,"minecraft:sand":10,"minecraft:cyan_bed":3,"minecraft:fermented_spider_eye":3,"minecraft:barrel":35,"travelersbackpack:white_sleeping_bag":1,"minecraft:diamond":2,"minecraft:spruce_boat":11,"minecraft:lever":1,"minecraft:writable_book":4,"minecraft:granite":8,"minecraft:golden_apple":3,"minecraft:bread":461,"minecraft:emerald":151,"minecraft:diamond_pickaxe":5,"minecraft:crafting_table":28,"minecraft:coarse_dirt":1,"minecraft:wooden_pickaxe":3,"minecraft:shield":5,"minecraft:red_bed":3,"minecraft:iron_axe":10,"minecraft:iron_shovel":3,"minecraft:beef":5,"minecraft:player_head":2,"minecraft:light_gray_wool":2,"minecraft:lectern":2,"minecraft:chest":13,"minecraft:spruce_trapdoor":4,"minecraft:phantom_membrane":1,"minecraft:egg":1,"minecraft:raw_iron":249,"minecraft:stripped_mangrove_wood":2,"minecraft:copper_ingot":9,"minecraft:fire_charge":51,"minecraft:cake":11,"minecraft:cookie":5,"minecraft:carrot":40,"minecraft:dark_oak_planks":3,"minecraft:tnt":58,"minecraft:arrow":21,"minecraft:stone_shovel":5,"minecraft:pumpkin_pie":16,"minecraft:hay_block":40,"minecraft:black_banner":1,"minecraft:glistering_melon_slice":13,"minecraft:gold_ingot":337,"minecraft:mutton":14,"minecraft:white_wool":7,"minecraft:emerald_ore":3,"minecraft:mud_bricks":8,"minecraft:tripwire_hook":3,"minecraft:leather":4,"minecraft:packed_mud":2,"minecraft:oak_log":6,"minecraft:gunpowder":1,"minecraft:apple":14,"minecraft:gray_carpet":1,"minecraft:iron_ingot":430,"minecraft:stone_pickaxe":5,"minecraft:cobweb":2,"minecraft:glass_bottle":2,"minecraft:iron_sword":10,"minecraft:dark_oak_stairs":12,"minecraft:book":186,"betterend:golden_hammer":2,"minecraft:dark_oak_slab":4,"minecraft:smooth_basalt":3,"minecraft:pumpkin":378,"minecraft:sweet_berries":307,"minecraft:red_wool":6,"minecraft:gravel":3,"minecraft:amethyst_shard":8,"minecraft:spruce_sapling":95,"minecraft:blast_furnace":3,"minecraft:spruce_log":1154,"minecraft:spruce_door":1,"minecraft:spider_eye":2,"minecraft:stone_axe":4,"minecraft:iron_helmet":13,"minecraft:painting":1,"minecraft:coal":76},"minecraft:mined":{"minecraft:dark_oak_planks":2,"minecraft:spruce_planks":11,"minecraft:spruce_trapdoor":2,"minecraft:granite":1,"minecraft:grass_block":7,"minecraft:mud_bricks":6,"minecraft:spawner":6,"minecraft:dark_oak_trapdoor":2,"minecraft:iron_ore":58,"minecraft:cobbled_deepslate":2,"minecraft:pumpkin":44,"minecraft:dark_oak_stairs":9,"minecraft:stripped_mangrove_wood":2,"minecraft:red_bed":1,"minecraft:torch":4,"minecraft:blast_furnace":3,"minecraft:calcite":23,"minecraft:mud_brick_stairs":2,"minecraft:cobblestone":5,"minecraft:cyan_bed":3,"minecraft:oak_planks":1,"minecraft:wall_torch":5,"minecraft:amethyst_block":12,"minecraft:red_candle":1,"minecraft:dark_oak_slab":1,"minecraft:grass":8,"minecraft:sand":10,"minecraft:dirt":8,"minecraft:smooth_basalt":3,"minecraft:oak_leaves":2,"minecraft:cyan_candle":1,"minecraft:deepslate":12,"minecraft:emerald_block":1,"minecraft:cyan_stained_glass":9,"minecraft:black_banner":1,"travelersbackpack:white_sleeping_bag":1,"minecraft:spruce_leaves":11,"minecraft:hay_block":22,"minecraft:furnace":4,"minecraft:spruce_sapling":1,"minecraft:packed_mud":1,"minecraft:andesite":2,"minecraft:bookshelf":12,"minecraft:deepslate_iron_ore":1,"minecraft:smooth_quartz_stairs":2,"minecraft:stone":48,"minecraft:cake":1,"minecraft:redstone_wall_torch":1,"minecraft:smithing_table":1,"minecraft:red_wool":6,"minecraft:spruce_door":1,"minecraft:crafting_table":10,"minecraft:emerald_ore":3,"minecraft:tall_grass":20,"minecraft:copper_ore":3,"minecraft:lapis_ore":2,"minecraft:deepslate_gold_ore":13,"minecraft:diorite":4,"minecraft:spruce_stairs":1,"minecraft:purple_bed":1,"minecraft:coarse_dirt":1,"minecraft:sweet_berry_bush":35,"minecraft:spruce_log":52,"minecraft:birch_leaves":2,"minecraft:coal_ore":26,"minecraft:gravel":3,"minecraft:gray_carpet":1,"minecraft:cobweb":2,"minecraft:gold_ore":2,"minecraft:fern":1},"minecraft:dropped":{"minecraft:dark_oak_stairs":3,"minecraft:stripped_mangrove_wood":2,"minecraft:oak_log":2,"minecraft:glass_bottle":2,"minecraft:diamond":1,"minecraft:crafting_table":2,"minecraft:warped_fungus_on_a_stick":2,"minecraft:dark_oak_slab":4,"minecraft:emerald":15,"minecraft:flint":1,"minecraft:dirt":21,"minecraft:red_bed":2,"minecraft:mutton":2,"minecraft:dark_oak_trapdoor":1,"minecraft:snowball":47,"minecraft:amethyst_shard":2,"minecraft:glistering_melon_slice":3,"minecraft:dark_oak_planks":2,"minecraft:white_wool":4,"minecraft:cauldron":3,"minecraft:bone":4,"minecraft:cobbled_deepslate":47,"minecraft:rotten_flesh":53,"minecraft:leather_chestplate":3,"minecraft:gunpowder":1,"minecraft:chest":5,"minecraft:painting":1,"minecraft:arrow":8,"minecraft:lectern":1,"minecraft:water_bucket":2,"minecraft:iron_ingot":36,"minecraft:wheat_seeds":3,"minecraft:golden_helmet":1,"minecraft:oak_fence":1,"minecraft:iron_helmet":3,"minecraft:cobblestone":88,"minecraft:granite":4,"minecraft:golden_apple":1,"minecraft:stick":1,"minecraft:cobweb":1,"minecraft:torch":51,"minecraft:fire_charge":13,"minecraft:potion":12,"minecraft:iron_leggings":1,"minecraft:string":3,"minecraft:bucket":2,"minecraft:spruce_sapling":26,"minecraft:smooth_basalt":3,"minecraft:furnace":6,"minecraft:player_head":1,"minecraft:stone_sword":2,"minecraft:raw_iron":1,"minecraft:light_gray_wool":1,"minecraft:iron_boots":1,"minecraft:shield":2,"minecraft:diamond_pickaxe":3,"minecraft:cake":5,"minecraft:barrel":11,"minecraft:spider_eye":2,"minecraft:wooden_pickaxe":1,"minecraft:calcite":4},"minecraft:killed":{"minecraft:skeleton":14,"minecraft:pig":2,"minecraft:zombie_villager":1,"minecraft:creeper":1,"minecraft:sheep":5,"minecraft:zombie":29,"minecraft:cow":4,"minecraft:husk":6,"minecraft:frog":2},"minecraft:broken":{"minecraft:stone_pickaxe":1},"minecraft:custom":{"minecraft:interact_with_crafting_table":40,"minecraft:open_barrel":133,"minecraft:eat_cake_slice":15,"minecraft:leave_game":5,"minecraft:time_since_death":56042,"minecraft:damage_resisted":10288,"minecraft:sprint_one_cm":401711,"minecraft:damage_blocked_by_shield":1875,"minecraft:drop":121,"minecraft:play_noteblock":8,"minecraft:talked_to_villager":19,"minecraft:play_time":197690,"minecraft:deaths":29,"minecraft:jump":3251,"minecraft:interact_with_brewingstand":2,"minecraft:walk_on_water_one_cm":39420,"minecraft:interact_with_furnace":40,"minecraft:sleep_in_bed":6,"minecraft:damage_dealt":7902,"minecraft:crouch_one_cm":11710,"minecraft:interact_with_smoker":1,"minecraft:interact_with_smithing_table":1,"minecraft:mob_kills":65,"minecraft:climb_one_cm":22020,"minecraft:walk_one_cm":566402,"minecraft:sneak_time":5054,"minecraft:walk_under_water_one_cm":30027,"minecraft:boat_one_cm":71955,"minecraft:interact_with_lectern":1,"minecraft:interact_with_blast_furnace":4,"minecraft:total_world_time":197690,"minecraft:tune_noteblock":2,"minecraft:time_since_rest":23970,"minecraft:damage_taken":8625,"minecraft:swim_one_cm":56995,"minecraft:fly_one_cm":656206,"minecraft:open_chest":68,"minecraft:fall_one_cm":116153},"minecraft:used":{"minecraft:writable_book":1,"minecraft:iron_shovel":16,"minecraft:chest":2,"minecraft:shield":12,"minecraft:iron_sword":141,"minecraft:rotten_flesh":6,"minecraft:snowball":2,"minecraft:spruce_boat":5,"minecraft:iron_helmet":1,"minecraft:sweet_berries":10,"minecraft:furnace":6,"minecraft:egg":1,"minecraft:dark_oak_stairs":5,"minecraft:diorite":2,"minecraft:warped_fungus_on_a_stick":27,"minecraft:spruce_door":1,"minecraft:stone_pickaxe":153,"minecraft:gray_carpet":1,"minecraft:oak_planks":1,"minecraft:wooden_pickaxe":6,"minecraft:leather_chestplate":2,"minecraft:chainmail_helmet":1,"minecraft:cookie":1,"minecraft:dark_oak_trapdoor":1,"minecraft:redstone_torch":1,"minecraft:lever":1,"minecraft:cyan_bed":2,"minecraft:bread":20,"minecraft:gravel":2,"minecraft:andesite":2,"minecraft:coarse_dirt":1,"minecraft:cobweb":1,"minecraft:stone_sword":36,"minecraft:stone_shovel":5,"minecraft:spruce_planks":30,"minecraft:torch":101,"minecraft:dirt":10,"minecraft:spruce_stairs":1,"minecraft:iron_axe":69,"minecraft:barrel":2,"minecraft:cooked_beef":1,"minecraft:cobbled_deepslate":12,"minecraft:calcite":18,"minecraft:water_bucket":76,"minecraft:cyan_candle":1,"minecraft:tnt":1,"minecraft:crafting_table":11,"minecraft:red_bed":2,"minecraft:cake":2,"minecraft:spruce_log":2,"minecraft:diamond_pickaxe":6,"minecraft:iron_pickaxe":94,"travelersbackpack:white_sleeping_bag":1,"minecraft:spruce_trapdoor":2,"minecraft:spruce_sapling":17,"minecraft:stone_axe":86,"minecraft:cobblestone":10,"travelersbackpack:standard":3,"minecraft:bucket":80,"minecraft:pumpkin_pie":1}},"DataVersion":3465}